<?xml version="1.0" encoding="utf-8"?>
<MpiPingPongResults 
	xmlns:xsi="http://www.w3.org/2001/XMLSchema-instance" 
	xmlns:xsd="http://www.w3.org/2001/XMLSchema" 
	xmlns="http://schemas.microsoft.com/MpiPingPongResults/2008/5">

	<TestOverview>
		<TestType>MPI Ping-Pong: Tournament L&amp;T Test</TestType>
		<NumberOfNodes>16</NumberOfNodes>
		<Duration>
			<StartTime>2014-04-01T14:59:09+00:00</StartTime>
			<EndTime>2014-04-01T15:01:35+00:00</EndTime>
			<ElapsedSeconds>145.469</ElapsedSeconds>
		</Duration>
		<Units>
			<PacketSize>Bytes</PacketSize>
			<Latency>Microseconds</Latency>
			<Throughput>MB/second</Throughput>
		</Units>
	</TestOverview>

	<Summary>
		<LatencyInfo PacketSize="4" Average="306.627" StdDev="140.341" Variability="High">
			<Iterations Average="1024.000" StdDev="0.000"/>
			<BestLink  PingNodeId="RD00155D492E9A" PongNodeId="RD00155D492E98" Latency="119.711"/>
			<WorstLink PingNodeId="RD00155D493EF2" PongNodeId="RD00155D490C39" Latency="959.062"/>
			<UnderperformingLinks TotalNumber="18">
				<UnderperformingLink PingNodeId="RD00155D493EF2" PongNodeId="RD00155D490C39" Latency="959.062"/>
				<UnderperformingLink PingNodeId="RD00155D493EF2" PongNodeId="RD00155D490DF0" Latency="768.959"/>
				<UnderperformingLink PingNodeId="RD00155D493EF2" PongNodeId="RD00155D49302E" Latency="767.225"/>
				<UnderperformingLink PingNodeId="RD00155D493EF2" PongNodeId="RD00155D490DE0" Latency="636.905"/>
				<UnderperformingLink PingNodeId="RD00155D490C39" PongNodeId="RD00155D490D5C" Latency="633.273"/>
				<UnderperformingLink PingNodeId="RD00155D493EF2" PongNodeId="RD00155D490F39" Latency="588.551"/>
				<UnderperformingLink PingNodeId="RD00155D490C39" PongNodeId="RD00155D493006" Latency="581.644"/>
				<UnderperformingLink PingNodeId="RD00155D493EF2" PongNodeId="RD00155D493005" Latency="538.538"/>
				<UnderperformingLink PingNodeId="RD00155D490C39" PongNodeId="RD00155D493005" Latency="536.391"/>
				<UnderperformingLink PingNodeId="RD00155D491015" PongNodeId="RD00155D490C39" Latency="535.311"/>
				<UnderperformingLink PingNodeId="RD00155D492E9A" PongNodeId="RD00155D490C39" Latency="531.926"/>
				<UnderperformingLink PingNodeId="RD00155D493EF2" PongNodeId="RD00155D490071" Latency="509.982"/>
				<UnderperformingLink PingNodeId="RD00155D490C39" PongNodeId="RD00155D490071" Latency="506.208"/>
				<UnderperformingLink PingNodeId="RD00155D493EF2" PongNodeId="RD00155D49300D" Latency="495.511"/>
				<UnderperformingLink PingNodeId="RD00155D493EF2" PongNodeId="RD00155D490D5C" Latency="490.209"/>
				<UnderperformingLink PingNodeId="RD00155D490C39" PongNodeId="RD00155D49449D" Latency="479.678"/>
				<UnderperformingLink PingNodeId="RD00155D490C39" PongNodeId="RD00155D49300D" Latency="473.140"/>
				<UnderperformingLink PingNodeId="RD00155D490BA8" PongNodeId="RD00155D490C39" Latency="460.151"/>
			</UnderperformingLinks>
			<LinkHistogram>
				<Bin LowerBound="119.711" UpperBound="203.646" Count="24"/>
				<Bin LowerBound="203.646" UpperBound="287.582" Count="48"/>
				<Bin LowerBound="287.582" UpperBound="371.517" Count="23"/>
				<Bin LowerBound="371.517" UpperBound="455.452" Count="7"/>
				<Bin LowerBound="455.452" UpperBound="539.387" Count="11"/>
				<Bin LowerBound="539.387" UpperBound="623.322" Count="2"/>
				<Bin LowerBound="623.322" UpperBound="707.257" Count="2"/>
				<Bin LowerBound="707.257" UpperBound="791.192" Count="2"/>
				<Bin LowerBound="791.192" UpperBound="875.127" Count="0"/>
				<Bin LowerBound="875.127" UpperBound="959.062" Count="1"/>
			</LinkHistogram>
			<BestNode  NodeId="RD00155D492E98" Average="235.025" StdDev="59.811"/>
			<WorstNode NodeId="RD00155D493EF2" Average="507.818" StdDev="209.800"/>
		</LatencyInfo>
		<ThroughputInfo PacketSize="4194304" Average="49.783" StdDev="10.292" Variability="Moderate">
			<Iterations Average="16.000" StdDev="0.000"/>
			<BestLink  PingNodeId="RD00155D492E9A" PongNodeId="RD00155D492E98" Throughput="86.421"/>
			<WorstLink PingNodeId="RD00155D493EF2" PongNodeId="RD00155D493005" Throughput="24.972"/>
			<UnderperformingLinks TotalNumber="16">
				<UnderperformingLink PingNodeId="RD00155D493EF2" PongNodeId="RD00155D493005" Throughput="24.972"/>
				<UnderperformingLink PingNodeId="RD00155D493EF2" PongNodeId="RD00155D490D5C" Throughput="28.747"/>
				<UnderperformingLink PingNodeId="RD00155D490BA8" PongNodeId="RD00155D493EF2" Throughput="29.591"/>
				<UnderperformingLink PingNodeId="RD00155D493EF2" PongNodeId="RD00155D490F39" Throughput="30.430"/>
				<UnderperformingLink PingNodeId="RD00155D493EF2" PongNodeId="RD00155D49302E" Throughput="30.629"/>
				<UnderperformingLink PingNodeId="RD00155D493EF2" PongNodeId="RD00155D492E9A" Throughput="31.750"/>
				<UnderperformingLink PingNodeId="RD00155D493EF2" PongNodeId="RD00155D493006" Throughput="33.722"/>
				<UnderperformingLink PingNodeId="RD00155D490C39" PongNodeId="RD00155D49449D" Throughput="35.093"/>
				<UnderperformingLink PingNodeId="RD00155D490BA8" PongNodeId="RD00155D491015" Throughput="35.680"/>
				<UnderperformingLink PingNodeId="RD00155D493EF2" PongNodeId="RD00155D490C39" Throughput="35.782"/>
				<UnderperformingLink PingNodeId="RD00155D490D5C" PongNodeId="RD00155D493006" Throughput="35.976"/>
				<UnderperformingLink PingNodeId="RD00155D491015" PongNodeId="RD00155D49302E" Throughput="36.196"/>
				<UnderperformingLink PingNodeId="RD00155D493EF2" PongNodeId="RD00155D49300D" Throughput="36.248"/>
				<UnderperformingLink PingNodeId="RD00155D490C39" PongNodeId="RD00155D490071" Throughput="36.417"/>
				<UnderperformingLink PingNodeId="RD00155D490C39" PongNodeId="RD00155D490D5C" Throughput="38.398"/>
				<UnderperformingLink PingNodeId="RD00155D49302E" PongNodeId="RD00155D49300D" Throughput="39.406"/>
			</UnderperformingLinks>
			<LinkHistogram>
				<Bin LowerBound="24.972" UpperBound="31.117" Count="5"/>
				<Bin LowerBound="31.117" UpperBound="37.262" Count="9"/>
				<Bin LowerBound="37.262" UpperBound="43.407" Count="14"/>
				<Bin LowerBound="43.407" UpperBound="49.552" Count="35"/>
				<Bin LowerBound="49.552" UpperBound="55.696" Count="22"/>
				<Bin LowerBound="55.696" UpperBound="61.841" Count="25"/>
				<Bin LowerBound="61.841" UpperBound="67.986" Count="6"/>
				<Bin LowerBound="67.986" UpperBound="74.131" Count="2"/>
				<Bin LowerBound="74.131" UpperBound="80.276" Count="0"/>
				<Bin LowerBound="80.276" UpperBound="86.421" Count="2"/>
			</LinkHistogram>
			<BestNode  NodeId="RD00155D49449D" Average="56.383" StdDev="9.135"/>
			<WorstNode NodeId="RD00155D493EF2" Average="36.862" StdDev="7.724"/>
		</ThroughputInfo>
	</Summary>

	<NodeDetails>
		<Node NodeId="RD00155D490BA8" Rank="0" Name="RD00155D490BA8">
			<LatencyInfo PacketSize="4" Average="285.444" StdDev="68.252" Variability="Moderate" Underperforming="false">
				<BestLink  PingNodeId="RD00155D490BA8" PongNodeId="RD00155D493005" Latency="195.416"/>
				<WorstLink PingNodeId="RD00155D490BA8" PongNodeId="RD00155D490C39" Latency="460.151"/>
			</LatencyInfo>
			<ThroughputInfo PacketSize="4194304" Average="47.403" StdDev="8.933" Variability="Moderate" Underperforming="false">
				<BestLink  PingNodeId="RD00155D490BA8" PongNodeId="RD00155D490DF0" Throughput="61.698"/>
				<WorstLink PingNodeId="RD00155D490BA8" PongNodeId="RD00155D493EF2" Throughput="29.591"/>
			</ThroughputInfo>
		</Node>
		<Node NodeId="RD00155D493EF2" Rank="1" Name="RD00155D493EF2">
			<LatencyInfo PacketSize="4" Average="507.818" StdDev="209.800" Variability="High" Underperforming="true">
				<BestLink  PingNodeId="RD00155D493EF2" PongNodeId="RD00155D49449D" Latency="244.104"/>
				<WorstLink PingNodeId="RD00155D493EF2" PongNodeId="RD00155D490C39" Latency="959.062"/>
			</LatencyInfo>
			<ThroughputInfo PacketSize="4194304" Average="36.862" StdDev="7.724" Variability="Moderate" Underperforming="true">
				<BestLink  PingNodeId="RD00155D493EF2" PongNodeId="RD00155D490071" Throughput="49.941"/>
				<WorstLink PingNodeId="RD00155D493EF2" PongNodeId="RD00155D493005" Throughput="24.972"/>
			</ThroughputInfo>
		</Node>
		<Node NodeId="RD00155D490DF0" Rank="2" Name="RD00155D490DF0">
			<LatencyInfo PacketSize="4" Average="289.690" StdDev="145.350" Variability="High" Underperforming="false">
				<BestLink  PingNodeId="RD00155D490DF0" PongNodeId="RD00155D490F39" Latency="154.468"/>
				<WorstLink PingNodeId="RD00155D493EF2" PongNodeId="RD00155D490DF0" Latency="768.959"/>
			</LatencyInfo>
			<ThroughputInfo PacketSize="4194304" Average="56.341" StdDev="10.216" Variability="Moderate" Underperforming="false">
				<BestLink  PingNodeId="RD00155D490DF0" PongNodeId="RD00155D490DE0" Throughput="83.784"/>
				<WorstLink PingNodeId="RD00155D493EF2" PongNodeId="RD00155D490DF0" Throughput="43.422"/>
			</ThroughputInfo>
		</Node>
		<Node NodeId="RD00155D492E9A" Rank="3" Name="RD00155D492E9A">
			<LatencyInfo PacketSize="4" Average="260.616" StdDev="102.557" Variability="High" Underperforming="false">
				<BestLink  PingNodeId="RD00155D492E9A" PongNodeId="RD00155D492E98" Latency="119.711"/>
				<WorstLink PingNodeId="RD00155D492E9A" PongNodeId="RD00155D490C39" Latency="531.926"/>
			</LatencyInfo>
			<ThroughputInfo PacketSize="4194304" Average="50.715" StdDev="12.286" Variability="Moderate" Underperforming="false">
				<BestLink  PingNodeId="RD00155D492E9A" PongNodeId="RD00155D492E98" Throughput="86.421"/>
				<WorstLink PingNodeId="RD00155D493EF2" PongNodeId="RD00155D492E9A" Throughput="31.750"/>
			</ThroughputInfo>
		</Node>
		<Node NodeId="RD00155D491015" Rank="4" Name="RD00155D491015">
			<LatencyInfo PacketSize="4" Average="241.408" StdDev="97.012" Variability="High" Underperforming="false">
				<BestLink  PingNodeId="RD00155D491015" PongNodeId="RD00155D490DE0" Latency="154.137"/>
				<WorstLink PingNodeId="RD00155D491015" PongNodeId="RD00155D490C39" Latency="535.311"/>
			</LatencyInfo>
			<ThroughputInfo PacketSize="4194304" Average="49.515" StdDev="10.250" Variability="Moderate" Underperforming="false">
				<BestLink  PingNodeId="RD00155D491015" PongNodeId="RD00155D490F39" Throughput="69.957"/>
				<WorstLink PingNodeId="RD00155D490BA8" PongNodeId="RD00155D491015" Throughput="35.680"/>
			</ThroughputInfo>
		</Node>
		<Node NodeId="RD00155D49302E" Rank="5" Name="RD00155D49302E">
			<LatencyInfo PacketSize="4" Average="314.129" StdDev="141.450" Variability="High" Underperforming="false">
				<BestLink  PingNodeId="RD00155D49302E" PongNodeId="RD00155D49300D" Latency="148.482"/>
				<WorstLink PingNodeId="RD00155D493EF2" PongNodeId="RD00155D49302E" Latency="767.225"/>
			</LatencyInfo>
			<ThroughputInfo PacketSize="4194304" Average="47.491" StdDev="7.751" Variability="Moderate" Underperforming="false">
				<BestLink  PingNodeId="RD00155D49302E" PongNodeId="RD00155D490071" Throughput="60.227"/>
				<WorstLink PingNodeId="RD00155D493EF2" PongNodeId="RD00155D49302E" Throughput="30.629"/>
			</ThroughputInfo>
		</Node>
		<Node NodeId="RD00155D490C39" Rank="6" Name="RD00155D490C39">
			<LatencyInfo PacketSize="4" Average="487.740" StdDev="170.457" Variability="High" Underperforming="true">
				<BestLink  PingNodeId="RD00155D490C39" PongNodeId="RD00155D492E98" Latency="234.929"/>
				<WorstLink PingNodeId="RD00155D493EF2" PongNodeId="RD00155D490C39" Latency="959.062"/>
			</LatencyInfo>
			<ThroughputInfo PacketSize="4194304" Average="43.544" StdDev="5.501" Variability="Moderate" Underperforming="false">
				<BestLink  PingNodeId="RD00155D490C39" PongNodeId="RD00155D49300D" Throughput="51.536"/>
				<WorstLink PingNodeId="RD00155D490C39" PongNodeId="RD00155D49449D" Throughput="35.093"/>
			</ThroughputInfo>
		</Node>
		<Node NodeId="RD00155D49449D" Rank="7" Name="RD00155D49449D">
			<LatencyInfo PacketSize="4" Average="243.846" StdDev="74.131" Variability="High" Underperforming="false">
				<BestLink  PingNodeId="RD00155D49449D" PongNodeId="RD00155D490F39" Latency="151.048"/>
				<WorstLink PingNodeId="RD00155D490C39" PongNodeId="RD00155D49449D" Latency="479.678"/>
			</LatencyInfo>
			<ThroughputInfo PacketSize="4194304" Average="56.383" StdDev="9.135" Variability="Moderate" Underperforming="false">
				<BestLink  PingNodeId="RD00155D49449D" PongNodeId="RD00155D490071" Throughput="68.432"/>
				<WorstLink PingNodeId="RD00155D490C39" PongNodeId="RD00155D49449D" Throughput="35.093"/>
			</ThroughputInfo>
		</Node>
		<Node NodeId="RD00155D490071" Rank="8" Name="RD00155D490071">
			<LatencyInfo PacketSize="4" Average="272.607" StdDev="105.261" Variability="High" Underperforming="false">
				<BestLink  PingNodeId="RD00155D490071" PongNodeId="RD00155D490F39" Latency="171.967"/>
				<WorstLink PingNodeId="RD00155D493EF2" PongNodeId="RD00155D490071" Latency="509.982"/>
			</LatencyInfo>
			<ThroughputInfo PacketSize="4194304" Average="53.036" StdDev="9.214" Variability="Moderate" Underperforming="false">
				<BestLink  PingNodeId="RD00155D49449D" PongNodeId="RD00155D490071" Throughput="68.432"/>
				<WorstLink PingNodeId="RD00155D490C39" PongNodeId="RD00155D490071" Throughput="36.417"/>
			</ThroughputInfo>
		</Node>
		<Node NodeId="RD00155D493005" Rank="9" Name="RD00155D493005">
			<LatencyInfo PacketSize="4" Average="255.962" StdDev="118.919" Variability="High" Underperforming="false">
				<BestLink  PingNodeId="RD00155D493005" PongNodeId="RD00155D490F39" Latency="179.224"/>
				<WorstLink PingNodeId="RD00155D493EF2" PongNodeId="RD00155D493005" Latency="538.538"/>
			</LatencyInfo>
			<ThroughputInfo PacketSize="4194304" Average="55.314" StdDev="9.851" Variability="Moderate" Underperforming="false">
				<BestLink  PingNodeId="RD00155D49449D" PongNodeId="RD00155D493005" Throughput="66.743"/>
				<WorstLink PingNodeId="RD00155D493EF2" PongNodeId="RD00155D493005" Throughput="24.972"/>
			</ThroughputInfo>
		</Node>
		<Node NodeId="RD00155D490D5C" Rank="10" Name="RD00155D490D5C">
			<LatencyInfo PacketSize="4" Average="349.381" StdDev="98.270" Variability="High" Underperforming="false">
				<BestLink  PingNodeId="RD00155D490D5C" PongNodeId="RD00155D490F39" Latency="277.966"/>
				<WorstLink PingNodeId="RD00155D490C39" PongNodeId="RD00155D490D5C" Latency="633.273"/>
			</LatencyInfo>
			<ThroughputInfo PacketSize="4194304" Average="44.886" StdDev="6.489" Variability="Moderate" Underperforming="false">
				<BestLink  PingNodeId="RD00155D49449D" PongNodeId="RD00155D490D5C" Throughput="55.423"/>
				<WorstLink PingNodeId="RD00155D493EF2" PongNodeId="RD00155D490D5C" Throughput="28.747"/>
			</ThroughputInfo>
		</Node>
		<Node NodeId="RD00155D493006" Rank="11" Name="RD00155D493006">
			<LatencyInfo PacketSize="4" Average="326.558" StdDev="103.363" Variability="High" Underperforming="false">
				<BestLink  PingNodeId="RD00155D493005" PongNodeId="RD00155D493006" Latency="212.916"/>
				<WorstLink PingNodeId="RD00155D490C39" PongNodeId="RD00155D493006" Latency="581.644"/>
			</LatencyInfo>
			<ThroughputInfo PacketSize="4194304" Average="47.592" StdDev="8.158" Variability="Moderate" Underperforming="false">
				<BestLink  PingNodeId="RD00155D493006" PongNodeId="RD00155D490F39" Throughput="60.627"/>
				<WorstLink PingNodeId="RD00155D493EF2" PongNodeId="RD00155D493006" Throughput="33.722"/>
			</ThroughputInfo>
		</Node>
		<Node NodeId="RD00155D490DE0" Rank="12" Name="RD00155D490DE0">
			<LatencyInfo PacketSize="4" Average="294.897" StdDev="117.102" Variability="High" Underperforming="false">
				<BestLink  PingNodeId="RD00155D491015" PongNodeId="RD00155D490DE0" Latency="154.137"/>
				<WorstLink PingNodeId="RD00155D493EF2" PongNodeId="RD00155D490DE0" Latency="636.905"/>
			</LatencyInfo>
			<ThroughputInfo PacketSize="4194304" Average="51.208" StdDev="10.566" Variability="Moderate" Underperforming="false">
				<BestLink  PingNodeId="RD00155D490DF0" PongNodeId="RD00155D490DE0" Throughput="83.784"/>
				<WorstLink PingNodeId="RD00155D490BA8" PongNodeId="RD00155D490DE0" Throughput="40.199"/>
			</ThroughputInfo>
		</Node>
		<Node NodeId="RD00155D492E98" Rank="13" Name="RD00155D492E98">
			<LatencyInfo PacketSize="4" Average="235.025" StdDev="59.811" Variability="High" Underperforming="false">
				<BestLink  PingNodeId="RD00155D492E9A" PongNodeId="RD00155D492E98" Latency="119.711"/>
				<WorstLink PingNodeId="RD00155D493EF2" PongNodeId="RD00155D492E98" Latency="339.391"/>
			</LatencyInfo>
			<ThroughputInfo PacketSize="4194304" Average="53.608" StdDev="11.064" Variability="Moderate" Underperforming="false">
				<BestLink  PingNodeId="RD00155D492E9A" PongNodeId="RD00155D492E98" Throughput="86.421"/>
				<WorstLink PingNodeId="RD00155D493006" PongNodeId="RD00155D492E98" Throughput="42.534"/>
			</ThroughputInfo>
		</Node>
		<Node NodeId="RD00155D490F39" Rank="14" Name="RD00155D490F39">
			<LatencyInfo PacketSize="4" Average="252.988" StdDev="113.357" Variability="High" Underperforming="false">
				<BestLink  PingNodeId="RD00155D49449D" PongNodeId="RD00155D490F39" Latency="151.048"/>
				<WorstLink PingNodeId="RD00155D493EF2" PongNodeId="RD00155D490F39" Latency="588.551"/>
			</LatencyInfo>
			<ThroughputInfo PacketSize="4194304" Average="53.015" StdDev="10.441" Variability="Moderate" Underperforming="false">
				<BestLink  PingNodeId="RD00155D491015" PongNodeId="RD00155D490F39" Throughput="69.957"/>
				<WorstLink PingNodeId="RD00155D493EF2" PongNodeId="RD00155D490F39" Throughput="30.430"/>
			</ThroughputInfo>
		</Node>
		<Node NodeId="RD00155D49300D" Rank="15" Name="RD00155D49300D">
			<LatencyInfo PacketSize="4" Average="287.924" StdDev="94.600" Variability="High" Underperforming="false">
				<BestLink  PingNodeId="RD00155D49302E" PongNodeId="RD00155D49300D" Latency="148.482"/>
				<WorstLink PingNodeId="RD00155D493EF2" PongNodeId="RD00155D49300D" Latency="495.511"/>
			</LatencyInfo>
			<ThroughputInfo PacketSize="4194304" Average="49.622" StdDev="7.968" Variability="Moderate" Underperforming="false">
				<BestLink  PingNodeId="RD00155D493005" PongNodeId="RD00155D49300D" Throughput="60.025"/>
				<WorstLink PingNodeId="RD00155D493EF2" PongNodeId="RD00155D49300D" Throughput="36.248"/>
			</ThroughputInfo>
		</Node>
	</NodeDetails>

	<LinkDetails>
		<Link PingNodeId="RD00155D490BA8" PongNodeId="RD00155D493EF2">
			<PacketSize Bytes="4" Iterations="1024" Latency="253.896" Throughput="0.015" Underperforming="false"/>
			<PacketSize Bytes="4194304" Iterations="16" Latency="135177.409" Throughput="29.591" Underperforming="true"/>
		</Link>
		<Link PingNodeId="RD00155D490BA8" PongNodeId="RD00155D490DF0">
			<PacketSize Bytes="4" Iterations="1024" Latency="216.781" Throughput="0.018" Underperforming="false"/>
			<PacketSize Bytes="4194304" Iterations="16" Latency="64832.397" Throughput="61.698" Underperforming="false"/>
		</Link>
		<Link PingNodeId="RD00155D490BA8" PongNodeId="RD00155D492E9A">
			<PacketSize Bytes="4" Iterations="1024" Latency="340.161" Throughput="0.011" Underperforming="false"/>
			<PacketSize Bytes="4194304" Iterations="16" Latency="71677.684" Throughput="55.805" Underperforming="false"/>
		</Link>
		<Link PingNodeId="RD00155D490BA8" PongNodeId="RD00155D491015">
			<PacketSize Bytes="4" Iterations="1024" Latency="229.475" Throughput="0.017" Underperforming="false"/>
			<PacketSize Bytes="4194304" Iterations="16" Latency="112108.241" Throughput="35.680" Underperforming="true"/>
		</Link>
		<Link PingNodeId="RD00155D490BA8" PongNodeId="RD00155D49302E">
			<PacketSize Bytes="4" Iterations="1024" Latency="287.768" Throughput="0.013" Underperforming="false"/>
			<PacketSize Bytes="4194304" Iterations="16" Latency="79035.638" Throughput="50.610" Underperforming="false"/>
		</Link>
		<Link PingNodeId="RD00155D490BA8" PongNodeId="RD00155D490C39">
			<PacketSize Bytes="4" Iterations="1024" Latency="460.151" Throughput="0.008" Underperforming="true"/>
			<PacketSize Bytes="4194304" Iterations="16" Latency="84125.294" Throughput="47.548" Underperforming="false"/>
		</Link>
		<Link PingNodeId="RD00155D490BA8" PongNodeId="RD00155D49449D">
			<PacketSize Bytes="4" Iterations="1024" Latency="214.563" Throughput="0.018" Underperforming="false"/>
			<PacketSize Bytes="4194304" Iterations="16" Latency="67641.222" Throughput="59.136" Underperforming="false"/>
		</Link>
		<Link PingNodeId="RD00155D490BA8" PongNodeId="RD00155D490071">
			<PacketSize Bytes="4" Iterations="1024" Latency="323.896" Throughput="0.012" Underperforming="false"/>
			<PacketSize Bytes="4194304" Iterations="16" Latency="95162.447" Throughput="42.033" Underperforming="false"/>
		</Link>
		<Link PingNodeId="RD00155D490BA8" PongNodeId="RD00155D493005">
			<PacketSize Bytes="4" Iterations="1024" Latency="195.416" Throughput="0.020" Underperforming="false"/>
			<PacketSize Bytes="4194304" Iterations="16" Latency="68610.028" Throughput="58.301" Underperforming="false"/>
		</Link>
		<Link PingNodeId="RD00155D490BA8" PongNodeId="RD00155D490D5C">
			<PacketSize Bytes="4" Iterations="1024" Latency="322.906" Throughput="0.012" Underperforming="false"/>
			<PacketSize Bytes="4194304" Iterations="16" Latency="89611.741" Throughput="44.637" Underperforming="false"/>
		</Link>
		<Link PingNodeId="RD00155D490BA8" PongNodeId="RD00155D493006">
			<PacketSize Bytes="4" Iterations="1024" Latency="238.454" Throughput="0.016" Underperforming="false"/>
			<PacketSize Bytes="4194304" Iterations="16" Latency="85920.566" Throughput="46.555" Underperforming="false"/>
		</Link>
		<Link PingNodeId="RD00155D490BA8" PongNodeId="RD00155D490DE0">
			<PacketSize Bytes="4" Iterations="1024" Latency="311.589" Throughput="0.012" Underperforming="false"/>
			<PacketSize Bytes="4194304" Iterations="16" Latency="99504.881" Throughput="40.199" Underperforming="false"/>
		</Link>
		<Link PingNodeId="RD00155D490BA8" PongNodeId="RD00155D492E98">
			<PacketSize Bytes="4" Iterations="1024" Latency="317.102" Throughput="0.012" Underperforming="false"/>
			<PacketSize Bytes="4194304" Iterations="16" Latency="82703.653" Throughput="48.365" Underperforming="false"/>
		</Link>
		<Link PingNodeId="RD00155D490BA8" PongNodeId="RD00155D490F39">
			<PacketSize Bytes="4" Iterations="1024" Latency="323.132" Throughput="0.012" Underperforming="false"/>
			<PacketSize Bytes="4194304" Iterations="16" Latency="81883.131" Throughput="48.850" Underperforming="false"/>
		</Link>
		<Link PingNodeId="RD00155D490BA8" PongNodeId="RD00155D49300D">
			<PacketSize Bytes="4" Iterations="1024" Latency="246.371" Throughput="0.015" Underperforming="false"/>
			<PacketSize Bytes="4194304" Iterations="16" Latency="95145.706" Throughput="42.041" Underperforming="false"/>
		</Link>
		<Link PingNodeId="RD00155D493EF2" PongNodeId="RD00155D490DF0">
			<PacketSize Bytes="4" Iterations="1024" Latency="768.959" Throughput="0.005" Underperforming="true"/>
			<PacketSize Bytes="4194304" Iterations="16" Latency="92118.284" Throughput="43.422" Underperforming="false"/>
		</Link>
		<Link PingNodeId="RD00155D493EF2" PongNodeId="RD00155D492E9A">
			<PacketSize Bytes="4" Iterations="1024" Latency="400.766" Throughput="0.010" Underperforming="false"/>
			<PacketSize Bytes="4194304" Iterations="16" Latency="125986.219" Throughput="31.750" Underperforming="true"/>
		</Link>
		<Link PingNodeId="RD00155D493EF2" PongNodeId="RD00155D491015">
			<PacketSize Bytes="4" Iterations="1024" Latency="344.136" Throughput="0.011" Underperforming="false"/>
			<PacketSize Bytes="4194304" Iterations="16" Latency="96468.037" Throughput="41.465" Underperforming="false"/>
		</Link>
		<Link PingNodeId="RD00155D493EF2" PongNodeId="RD00155D49302E">
			<PacketSize Bytes="4" Iterations="1024" Latency="767.225" Throughput="0.005" Underperforming="true"/>
			<PacketSize Bytes="4194304" Iterations="16" Latency="130593.819" Throughput="30.629" Underperforming="true"/>
		</Link>
		<Link PingNodeId="RD00155D493EF2" PongNodeId="RD00155D490C39">
			<PacketSize Bytes="4" Iterations="1024" Latency="959.062" Throughput="0.004" Underperforming="true"/>
			<PacketSize Bytes="4194304" Iterations="16" Latency="111789.606" Throughput="35.782" Underperforming="true"/>
		</Link>
		<Link PingNodeId="RD00155D493EF2" PongNodeId="RD00155D49449D">
			<PacketSize Bytes="4" Iterations="1024" Latency="244.104" Throughput="0.016" Underperforming="false"/>
			<PacketSize Bytes="4194304" Iterations="16" Latency="85910.991" Throughput="46.560" Underperforming="false"/>
		</Link>
		<Link PingNodeId="RD00155D493EF2" PongNodeId="RD00155D490071">
			<PacketSize Bytes="4" Iterations="1024" Latency="509.982" Throughput="0.007" Underperforming="true"/>
			<PacketSize Bytes="4194304" Iterations="16" Latency="80094.422" Throughput="49.941" Underperforming="false"/>
		</Link>
		<Link PingNodeId="RD00155D493EF2" PongNodeId="RD00155D493005">
			<PacketSize Bytes="4" Iterations="1024" Latency="538.538" Throughput="0.007" Underperforming="true"/>
			<PacketSize Bytes="4194304" Iterations="16" Latency="160179.659" Throughput="24.972" Underperforming="true"/>
		</Link>
		<Link PingNodeId="RD00155D493EF2" PongNodeId="RD00155D490D5C">
			<PacketSize Bytes="4" Iterations="1024" Latency="490.209" Throughput="0.008" Underperforming="true"/>
			<PacketSize Bytes="4194304" Iterations="16" Latency="139145.131" Throughput="28.747" Underperforming="true"/>
		</Link>
		<Link PingNodeId="RD00155D493EF2" PongNodeId="RD00155D493006">
			<PacketSize Bytes="4" Iterations="1024" Latency="280.034" Throughput="0.014" Underperforming="false"/>
			<PacketSize Bytes="4194304" Iterations="16" Latency="118617.691" Throughput="33.722" Underperforming="true"/>
		</Link>
		<Link PingNodeId="RD00155D493EF2" PongNodeId="RD00155D490DE0">
			<PacketSize Bytes="4" Iterations="1024" Latency="636.905" Throughput="0.006" Underperforming="true"/>
			<PacketSize Bytes="4194304" Iterations="16" Latency="90419.550" Throughput="44.238" Underperforming="false"/>
		</Link>
		<Link PingNodeId="RD00155D493EF2" PongNodeId="RD00155D492E98">
			<PacketSize Bytes="4" Iterations="1024" Latency="339.391" Throughput="0.011" Underperforming="false"/>
			<PacketSize Bytes="4194304" Iterations="16" Latency="88025.406" Throughput="45.441" Underperforming="false"/>
		</Link>
		<Link PingNodeId="RD00155D493EF2" PongNodeId="RD00155D490F39">
			<PacketSize Bytes="4" Iterations="1024" Latency="588.551" Throughput="0.006" Underperforming="true"/>
			<PacketSize Bytes="4194304" Iterations="16" Latency="131449.041" Throughput="30.430" Underperforming="true"/>
		</Link>
		<Link PingNodeId="RD00155D493EF2" PongNodeId="RD00155D49300D">
			<PacketSize Bytes="4" Iterations="1024" Latency="495.511" Throughput="0.008" Underperforming="true"/>
			<PacketSize Bytes="4194304" Iterations="16" Latency="110351.150" Throughput="36.248" Underperforming="true"/>
		</Link>
		<Link PingNodeId="RD00155D490DF0" PongNodeId="RD00155D492E9A">
			<PacketSize Bytes="4" Iterations="1024" Latency="246.688" Throughput="0.015" Underperforming="false"/>
			<PacketSize Bytes="4194304" Iterations="16" Latency="87182.275" Throughput="45.881" Underperforming="false"/>
		</Link>
		<Link PingNodeId="RD00155D490DF0" PongNodeId="RD00155D491015">
			<PacketSize Bytes="4" Iterations="1024" Latency="212.484" Throughput="0.018" Underperforming="false"/>
			<PacketSize Bytes="4194304" Iterations="16" Latency="68363.706" Throughput="58.511" Underperforming="false"/>
		</Link>
		<Link PingNodeId="RD00155D490DF0" PongNodeId="RD00155D49302E">
			<PacketSize Bytes="4" Iterations="1024" Latency="262.280" Throughput="0.015" Underperforming="false"/>
			<PacketSize Bytes="4194304" Iterations="16" Latency="84972.653" Throughput="47.074" Underperforming="false"/>
		</Link>
		<Link PingNodeId="RD00155D490DF0" PongNodeId="RD00155D490C39">
			<PacketSize Bytes="4" Iterations="1024" Latency="377.770" Throughput="0.010" Underperforming="false"/>
			<PacketSize Bytes="4194304" Iterations="16" Latency="83971.559" Throughput="47.635" Underperforming="false"/>
		</Link>
		<Link PingNodeId="RD00155D490DF0" PongNodeId="RD00155D49449D">
			<PacketSize Bytes="4" Iterations="1024" Latency="247.468" Throughput="0.015" Underperforming="false"/>
			<PacketSize Bytes="4194304" Iterations="16" Latency="71285.962" Throughput="56.112" Underperforming="false"/>
		</Link>
		<Link PingNodeId="RD00155D490DF0" PongNodeId="RD00155D490071">
			<PacketSize Bytes="4" Iterations="1024" Latency="202.212" Throughput="0.019" Underperforming="false"/>
			<PacketSize Bytes="4194304" Iterations="16" Latency="60972.362" Throughput="65.603" Underperforming="false"/>
		</Link>
		<Link PingNodeId="RD00155D490DF0" PongNodeId="RD00155D493005">
			<PacketSize Bytes="4" Iterations="1024" Latency="202.673" Throughput="0.019" Underperforming="false"/>
			<PacketSize Bytes="4194304" Iterations="16" Latency="62354.978" Throughput="64.149" Underperforming="false"/>
		</Link>
		<Link PingNodeId="RD00155D490DF0" PongNodeId="RD00155D490D5C">
			<PacketSize Bytes="4" Iterations="1024" Latency="284.774" Throughput="0.013" Underperforming="false"/>
			<PacketSize Bytes="4194304" Iterations="16" Latency="80821.647" Throughput="49.492" Underperforming="false"/>
		</Link>
		<Link PingNodeId="RD00155D490DF0" PongNodeId="RD00155D493006">
			<PacketSize Bytes="4" Iterations="1024" Latency="362.671" Throughput="0.011" Underperforming="false"/>
			<PacketSize Bytes="4194304" Iterations="16" Latency="66468.175" Throughput="60.179" Underperforming="false"/>
		</Link>
		<Link PingNodeId="RD00155D490DF0" PongNodeId="RD00155D490DE0">
			<PacketSize Bytes="4" Iterations="1024" Latency="306.802" Throughput="0.012" Underperforming="false"/>
			<PacketSize Bytes="4194304" Iterations="16" Latency="47741.959" Throughput="83.784" Underperforming="false"/>
		</Link>
		<Link PingNodeId="RD00155D490DF0" PongNodeId="RD00155D492E98">
			<PacketSize Bytes="4" Iterations="1024" Latency="237.441" Throughput="0.016" Underperforming="false"/>
			<PacketSize Bytes="4194304" Iterations="16" Latency="74995.422" Throughput="53.337" Underperforming="false"/>
		</Link>
		<Link PingNodeId="RD00155D490DF0" PongNodeId="RD00155D490F39">
			<PacketSize Bytes="4" Iterations="1024" Latency="154.468" Throughput="0.025" Underperforming="false"/>
			<PacketSize Bytes="4194304" Iterations="16" Latency="77001.691" Throughput="51.947" Underperforming="false"/>
		</Link>
		<Link PingNodeId="RD00155D490DF0" PongNodeId="RD00155D49300D">
			<PacketSize Bytes="4" Iterations="1024" Latency="261.879" Throughput="0.015" Underperforming="false"/>
			<PacketSize Bytes="4194304" Iterations="16" Latency="71059.612" Throughput="56.291" Underperforming="false"/>
		</Link>
		<Link PingNodeId="RD00155D492E9A" PongNodeId="RD00155D491015">
			<PacketSize Bytes="4" Iterations="1024" Latency="184.491" Throughput="0.021" Underperforming="false"/>
			<PacketSize Bytes="4194304" Iterations="16" Latency="90538.125" Throughput="44.180" Underperforming="false"/>
		</Link>
		<Link PingNodeId="RD00155D492E9A" PongNodeId="RD00155D49302E">
			<PacketSize Bytes="4" Iterations="1024" Latency="253.257" Throughput="0.015" Underperforming="false"/>
			<PacketSize Bytes="4194304" Iterations="16" Latency="83739.434" Throughput="47.767" Underperforming="false"/>
		</Link>
		<Link PingNodeId="RD00155D492E9A" PongNodeId="RD00155D490C39">
			<PacketSize Bytes="4" Iterations="1024" Latency="531.926" Throughput="0.007" Underperforming="true"/>
			<PacketSize Bytes="4194304" Iterations="16" Latency="91772.059" Throughput="43.586" Underperforming="false"/>
		</Link>
		<Link PingNodeId="RD00155D492E9A" PongNodeId="RD00155D49449D">
			<PacketSize Bytes="4" Iterations="1024" Latency="180.765" Throughput="0.021" Underperforming="false"/>
			<PacketSize Bytes="4194304" Iterations="16" Latency="73190.991" Throughput="54.652" Underperforming="false"/>
		</Link>
		<Link PingNodeId="RD00155D492E9A" PongNodeId="RD00155D490071">
			<PacketSize Bytes="4" Iterations="1024" Latency="212.085" Throughput="0.018" Underperforming="false"/>
			<PacketSize Bytes="4194304" Iterations="16" Latency="73702.791" Throughput="54.272" Underperforming="false"/>
		</Link>
		<Link PingNodeId="RD00155D492E9A" PongNodeId="RD00155D493005">
			<PacketSize Bytes="4" Iterations="1024" Latency="200.788" Throughput="0.019" Underperforming="false"/>
			<PacketSize Bytes="4194304" Iterations="16" Latency="65175.884" Throughput="61.372" Underperforming="false"/>
		</Link>
		<Link PingNodeId="RD00155D492E9A" PongNodeId="RD00155D490D5C">
			<PacketSize Bytes="4" Iterations="1024" Latency="313.099" Throughput="0.012" Underperforming="false"/>
			<PacketSize Bytes="4194304" Iterations="16" Latency="89701.209" Throughput="44.592" Underperforming="false"/>
		</Link>
		<Link PingNodeId="RD00155D492E9A" PongNodeId="RD00155D493006">
			<PacketSize Bytes="4" Iterations="1024" Latency="246.467" Throughput="0.015" Underperforming="false"/>
			<PacketSize Bytes="4194304" Iterations="16" Latency="98904.972" Throughput="40.443" Underperforming="false"/>
		</Link>
		<Link PingNodeId="RD00155D492E9A" PongNodeId="RD00155D490DE0">
			<PacketSize Bytes="4" Iterations="1024" Latency="250.778" Throughput="0.015" Underperforming="false"/>
			<PacketSize Bytes="4194304" Iterations="16" Latency="80041.519" Throughput="49.974" Underperforming="false"/>
		</Link>
		<Link PingNodeId="RD00155D492E9A" PongNodeId="RD00155D492E98">
			<PacketSize Bytes="4" Iterations="1024" Latency="119.711" Throughput="0.032" Underperforming="false"/>
			<PacketSize Bytes="4194304" Iterations="16" Latency="46285.103" Throughput="86.421" Underperforming="false"/>
		</Link>
		<Link PingNodeId="RD00155D492E9A" PongNodeId="RD00155D490F39">
			<PacketSize Bytes="4" Iterations="1024" Latency="181.784" Throughput="0.021" Underperforming="false"/>
			<PacketSize Bytes="4194304" Iterations="16" Latency="73354.303" Throughput="54.530" Underperforming="false"/>
		</Link>
		<Link PingNodeId="RD00155D492E9A" PongNodeId="RD00155D49300D">
			<PacketSize Bytes="4" Iterations="1024" Latency="246.473" Throughput="0.015" Underperforming="false"/>
			<PacketSize Bytes="4194304" Iterations="16" Latency="87915.031" Throughput="45.498" Underperforming="false"/>
		</Link>
		<Link PingNodeId="RD00155D491015" PongNodeId="RD00155D49302E">
			<PacketSize Bytes="4" Iterations="1024" Latency="210.895" Throughput="0.018" Underperforming="false"/>
			<PacketSize Bytes="4194304" Iterations="16" Latency="110509.312" Throughput="36.196" Underperforming="true"/>
		</Link>
		<Link PingNodeId="RD00155D491015" PongNodeId="RD00155D490C39">
			<PacketSize Bytes="4" Iterations="1024" Latency="535.311" Throughput="0.007" Underperforming="true"/>
			<PacketSize Bytes="4194304" Iterations="16" Latency="99750.869" Throughput="40.100" Underperforming="false"/>
		</Link>
		<Link PingNodeId="RD00155D491015" PongNodeId="RD00155D49449D">
			<PacketSize Bytes="4" Iterations="1024" Latency="200.961" Throughput="0.019" Underperforming="false"/>
			<PacketSize Bytes="4194304" Iterations="16" Latency="63652.122" Throughput="62.842" Underperforming="false"/>
		</Link>
		<Link PingNodeId="RD00155D491015" PongNodeId="RD00155D490071">
			<PacketSize Bytes="4" Iterations="1024" Latency="181.276" Throughput="0.021" Underperforming="false"/>
			<PacketSize Bytes="4194304" Iterations="16" Latency="95318.194" Throughput="41.965" Underperforming="false"/>
		</Link>
		<Link PingNodeId="RD00155D491015" PongNodeId="RD00155D493005">
			<PacketSize Bytes="4" Iterations="1024" Latency="195.846" Throughput="0.019" Underperforming="false"/>
			<PacketSize Bytes="4194304" Iterations="16" Latency="66205.750" Throughput="60.418" Underperforming="false"/>
		</Link>
		<Link PingNodeId="RD00155D491015" PongNodeId="RD00155D490D5C">
			<PacketSize Bytes="4" Iterations="1024" Latency="316.391" Throughput="0.012" Underperforming="false"/>
			<PacketSize Bytes="4194304" Iterations="16" Latency="82167.275" Throughput="48.681" Underperforming="false"/>
		</Link>
		<Link PingNodeId="RD00155D491015" PongNodeId="RD00155D493006">
			<PacketSize Bytes="4" Iterations="1024" Latency="243.317" Throughput="0.016" Underperforming="false"/>
			<PacketSize Bytes="4194304" Iterations="16" Latency="83426.834" Throughput="47.946" Underperforming="false"/>
		</Link>
		<Link PingNodeId="RD00155D491015" PongNodeId="RD00155D490DE0">
			<PacketSize Bytes="4" Iterations="1024" Latency="154.137" Throughput="0.025" Underperforming="false"/>
			<PacketSize Bytes="4194304" Iterations="16" Latency="86325.681" Throughput="46.336" Underperforming="false"/>
		</Link>
		<Link PingNodeId="RD00155D491015" PongNodeId="RD00155D492E98">
			<PacketSize Bytes="4" Iterations="1024" Latency="190.601" Throughput="0.020" Underperforming="false"/>
			<PacketSize Bytes="4194304" Iterations="16" Latency="70793.653" Throughput="56.502" Underperforming="false"/>
		</Link>
		<Link PingNodeId="RD00155D491015" PongNodeId="RD00155D490F39">
			<PacketSize Bytes="4" Iterations="1024" Latency="162.601" Throughput="0.023" Underperforming="false"/>
			<PacketSize Bytes="4194304" Iterations="16" Latency="57177.575" Throughput="69.957" Underperforming="false"/>
		</Link>
		<Link PingNodeId="RD00155D491015" PongNodeId="RD00155D49300D">
			<PacketSize Bytes="4" Iterations="1024" Latency="259.194" Throughput="0.015" Underperforming="false"/>
			<PacketSize Bytes="4194304" Iterations="16" Latency="76999.709" Throughput="51.948" Underperforming="false"/>
		</Link>
		<Link PingNodeId="RD00155D49302E" PongNodeId="RD00155D490C39">
			<PacketSize Bytes="4" Iterations="1024" Latency="330.194" Throughput="0.012" Underperforming="false"/>
			<PacketSize Bytes="4194304" Iterations="16" Latency="92303.109" Throughput="43.335" Underperforming="false"/>
		</Link>
		<Link PingNodeId="RD00155D49302E" PongNodeId="RD00155D49449D">
			<PacketSize Bytes="4" Iterations="1024" Latency="259.537" Throughput="0.015" Underperforming="false"/>
			<PacketSize Bytes="4194304" Iterations="16" Latency="80041.853" Throughput="49.974" Underperforming="false"/>
		</Link>
		<Link PingNodeId="RD00155D49302E" PongNodeId="RD00155D490071">
			<PacketSize Bytes="4" Iterations="1024" Latency="301.533" Throughput="0.013" Underperforming="false"/>
			<PacketSize Bytes="4194304" Iterations="16" Latency="66414.863" Throughput="60.227" Underperforming="false"/>
		</Link>
		<Link PingNodeId="RD00155D49302E" PongNodeId="RD00155D493005">
			<PacketSize Bytes="4" Iterations="1024" Latency="262.004" Throughput="0.015" Underperforming="false"/>
			<PacketSize Bytes="4194304" Iterations="16" Latency="78050.069" Throughput="51.249" Underperforming="false"/>
		</Link>
		<Link PingNodeId="RD00155D49302E" PongNodeId="RD00155D490D5C">
			<PacketSize Bytes="4" Iterations="1024" Latency="396.386" Throughput="0.010" Underperforming="false"/>
			<PacketSize Bytes="4194304" Iterations="16" Latency="85552.437" Throughput="46.755" Underperforming="false"/>
		</Link>
		<Link PingNodeId="RD00155D49302E" PongNodeId="RD00155D493006">
			<PacketSize Bytes="4" Iterations="1024" Latency="419.574" Throughput="0.009" Underperforming="false"/>
			<PacketSize Bytes="4194304" Iterations="16" Latency="72595.075" Throughput="55.100" Underperforming="false"/>
		</Link>
		<Link PingNodeId="RD00155D49302E" PongNodeId="RD00155D490DE0">
			<PacketSize Bytes="4" Iterations="1024" Latency="271.476" Throughput="0.014" Underperforming="false"/>
			<PacketSize Bytes="4194304" Iterations="16" Latency="76257.931" Throughput="52.454" Underperforming="false"/>
		</Link>
		<Link PingNodeId="RD00155D49302E" PongNodeId="RD00155D492E98">
			<PacketSize Bytes="4" Iterations="1024" Latency="266.512" Throughput="0.014" Underperforming="false"/>
			<PacketSize Bytes="4194304" Iterations="16" Latency="87286.569" Throughput="45.826" Underperforming="false"/>
		</Link>
		<Link PingNodeId="RD00155D49302E" PongNodeId="RD00155D490F39">
			<PacketSize Bytes="4" Iterations="1024" Latency="274.814" Throughput="0.014" Underperforming="false"/>
			<PacketSize Bytes="4194304" Iterations="16" Latency="71738.609" Throughput="55.758" Underperforming="false"/>
		</Link>
		<Link PingNodeId="RD00155D49302E" PongNodeId="RD00155D49300D">
			<PacketSize Bytes="4" Iterations="1024" Latency="148.482" Throughput="0.026" Underperforming="false"/>
			<PacketSize Bytes="4194304" Iterations="16" Latency="101507.350" Throughput="39.406" Underperforming="true"/>
		</Link>
		<Link PingNodeId="RD00155D490C39" PongNodeId="RD00155D49449D">
			<PacketSize Bytes="4" Iterations="1024" Latency="479.678" Throughput="0.008" Underperforming="true"/>
			<PacketSize Bytes="4194304" Iterations="16" Latency="113983.063" Throughput="35.093" Underperforming="true"/>
		</Link>
		<Link PingNodeId="RD00155D490C39" PongNodeId="RD00155D490071">
			<PacketSize Bytes="4" Iterations="1024" Latency="506.208" Throughput="0.008" Underperforming="true"/>
			<PacketSize Bytes="4194304" Iterations="16" Latency="109839.672" Throughput="36.417" Underperforming="true"/>
		</Link>
		<Link PingNodeId="RD00155D490C39" PongNodeId="RD00155D493005">
			<PacketSize Bytes="4" Iterations="1024" Latency="536.391" Throughput="0.007" Underperforming="true"/>
			<PacketSize Bytes="4194304" Iterations="16" Latency="85333.997" Throughput="46.875" Underperforming="false"/>
		</Link>
		<Link PingNodeId="RD00155D490C39" PongNodeId="RD00155D490D5C">
			<PacketSize Bytes="4" Iterations="1024" Latency="633.273" Throughput="0.006" Underperforming="true"/>
			<PacketSize Bytes="4194304" Iterations="16" Latency="104172.275" Throughput="38.398" Underperforming="true"/>
		</Link>
		<Link PingNodeId="RD00155D490C39" PongNodeId="RD00155D493006">
			<PacketSize Bytes="4" Iterations="1024" Latency="581.644" Throughput="0.007" Underperforming="true"/>
			<PacketSize Bytes="4194304" Iterations="16" Latency="78763.491" Throughput="50.785" Underperforming="false"/>
		</Link>
		<Link PingNodeId="RD00155D490C39" PongNodeId="RD00155D490DE0">
			<PacketSize Bytes="4" Iterations="1024" Latency="361.963" Throughput="0.011" Underperforming="false"/>
			<PacketSize Bytes="4194304" Iterations="16" Latency="86862.809" Throughput="46.050" Underperforming="false"/>
		</Link>
		<Link PingNodeId="RD00155D490C39" PongNodeId="RD00155D492E98">
			<PacketSize Bytes="4" Iterations="1024" Latency="234.929" Throughput="0.016" Underperforming="false"/>
			<PacketSize Bytes="4194304" Iterations="16" Latency="81612.344" Throughput="49.012" Underperforming="false"/>
		</Link>
		<Link PingNodeId="RD00155D490C39" PongNodeId="RD00155D490F39">
			<PacketSize Bytes="4" Iterations="1024" Latency="314.465" Throughput="0.012" Underperforming="false"/>
			<PacketSize Bytes="4194304" Iterations="16" Latency="97545.756" Throughput="41.006" Underperforming="false"/>
		</Link>
		<Link PingNodeId="RD00155D490C39" PongNodeId="RD00155D49300D">
			<PacketSize Bytes="4" Iterations="1024" Latency="473.140" Throughput="0.008" Underperforming="true"/>
			<PacketSize Bytes="4194304" Iterations="16" Latency="77615.172" Throughput="51.536" Underperforming="false"/>
		</Link>
		<Link PingNodeId="RD00155D49449D" PongNodeId="RD00155D490071">
			<PacketSize Bytes="4" Iterations="1024" Latency="228.662" Throughput="0.017" Underperforming="false"/>
			<PacketSize Bytes="4194304" Iterations="16" Latency="58452.362" Throughput="68.432" Underperforming="false"/>
		</Link>
		<Link PingNodeId="RD00155D49449D" PongNodeId="RD00155D493005">
			<PacketSize Bytes="4" Iterations="1024" Latency="225.352" Throughput="0.017" Underperforming="false"/>
			<PacketSize Bytes="4194304" Iterations="16" Latency="59931.516" Throughput="66.743" Underperforming="false"/>
		</Link>
		<Link PingNodeId="RD00155D49449D" PongNodeId="RD00155D490D5C">
			<PacketSize Bytes="4" Iterations="1024" Latency="300.974" Throughput="0.013" Underperforming="false"/>
			<PacketSize Bytes="4194304" Iterations="16" Latency="72172.853" Throughput="55.423" Underperforming="false"/>
		</Link>
		<Link PingNodeId="RD00155D49449D" PongNodeId="RD00155D493006">
			<PacketSize Bytes="4" Iterations="1024" Latency="238.837" Throughput="0.016" Underperforming="false"/>
			<PacketSize Bytes="4194304" Iterations="16" Latency="86532.791" Throughput="46.225" Underperforming="false"/>
		</Link>
		<Link PingNodeId="RD00155D49449D" PongNodeId="RD00155D490DE0">
			<PacketSize Bytes="4" Iterations="1024" Latency="222.187" Throughput="0.017" Underperforming="false"/>
			<PacketSize Bytes="4194304" Iterations="16" Latency="71854.094" Throughput="55.668" Underperforming="false"/>
		</Link>
		<Link PingNodeId="RD00155D49449D" PongNodeId="RD00155D492E98">
			<PacketSize Bytes="4" Iterations="1024" Latency="207.800" Throughput="0.018" Underperforming="false"/>
			<PacketSize Bytes="4194304" Iterations="16" Latency="64428.319" Throughput="62.085" Underperforming="false"/>
		</Link>
		<Link PingNodeId="RD00155D49449D" PongNodeId="RD00155D490F39">
			<PacketSize Bytes="4" Iterations="1024" Latency="151.048" Throughput="0.025" Underperforming="false"/>
			<PacketSize Bytes="4194304" Iterations="16" Latency="59087.972" Throughput="67.696" Underperforming="false"/>
		</Link>
		<Link PingNodeId="RD00155D49449D" PongNodeId="RD00155D49300D">
			<PacketSize Bytes="4" Iterations="1024" Latency="255.757" Throughput="0.015" Underperforming="false"/>
			<PacketSize Bytes="4194304" Iterations="16" Latency="67677.334" Throughput="59.104" Underperforming="false"/>
		</Link>
		<Link PingNodeId="RD00155D490071" PongNodeId="RD00155D493005">
			<PacketSize Bytes="4" Iterations="1024" Latency="202.235" Throughput="0.019" Underperforming="false"/>
			<PacketSize Bytes="4194304" Iterations="16" Latency="74380.128" Throughput="53.778" Underperforming="false"/>
		</Link>
		<Link PingNodeId="RD00155D490071" PongNodeId="RD00155D490D5C">
			<PacketSize Bytes="4" Iterations="1024" Latency="290.317" Throughput="0.013" Underperforming="false"/>
			<PacketSize Bytes="4194304" Iterations="16" Latency="85147.756" Throughput="46.977" Underperforming="false"/>
		</Link>
		<Link PingNodeId="RD00155D490071" PongNodeId="RD00155D493006">
			<PacketSize Bytes="4" Iterations="1024" Latency="234.897" Throughput="0.016" Underperforming="false"/>
			<PacketSize Bytes="4194304" Iterations="16" Latency="76661.500" Throughput="52.177" Underperforming="false"/>
		</Link>
		<Link PingNodeId="RD00155D490071" PongNodeId="RD00155D490DE0">
			<PacketSize Bytes="4" Iterations="1024" Latency="265.338" Throughput="0.014" Underperforming="false"/>
			<PacketSize Bytes="4194304" Iterations="16" Latency="87352.722" Throughput="45.791" Underperforming="false"/>
		</Link>
		<Link PingNodeId="RD00155D490071" PongNodeId="RD00155D492E98">
			<PacketSize Bytes="4" Iterations="1024" Latency="204.599" Throughput="0.019" Underperforming="false"/>
			<PacketSize Bytes="4194304" Iterations="16" Latency="66129.363" Throughput="60.488" Underperforming="false"/>
		</Link>
		<Link PingNodeId="RD00155D490071" PongNodeId="RD00155D490F39">
			<PacketSize Bytes="4" Iterations="1024" Latency="171.967" Throughput="0.022" Underperforming="false"/>
			<PacketSize Bytes="4194304" Iterations="16" Latency="68628.359" Throughput="58.285" Underperforming="false"/>
		</Link>
		<Link PingNodeId="RD00155D490071" PongNodeId="RD00155D49300D">
			<PacketSize Bytes="4" Iterations="1024" Latency="253.897" Throughput="0.015" Underperforming="false"/>
			<PacketSize Bytes="4194304" Iterations="16" Latency="67614.784" Throughput="59.159" Underperforming="false"/>
		</Link>
		<Link PingNodeId="RD00155D493005" PongNodeId="RD00155D490D5C">
			<PacketSize Bytes="4" Iterations="1024" Latency="307.976" Throughput="0.012" Underperforming="false"/>
			<PacketSize Bytes="4194304" Iterations="16" Latency="77678.891" Throughput="51.494" Underperforming="false"/>
		</Link>
		<Link PingNodeId="RD00155D493005" PongNodeId="RD00155D493006">
			<PacketSize Bytes="4" Iterations="1024" Latency="212.916" Throughput="0.018" Underperforming="false"/>
			<PacketSize Bytes="4194304" Iterations="16" Latency="71847.556" Throughput="55.673" Underperforming="false"/>
		</Link>
		<Link PingNodeId="RD00155D493005" PongNodeId="RD00155D490DE0">
			<PacketSize Bytes="4" Iterations="1024" Latency="205.732" Throughput="0.019" Underperforming="false"/>
			<PacketSize Bytes="4194304" Iterations="16" Latency="70441.388" Throughput="56.785" Underperforming="false"/>
		</Link>
		<Link PingNodeId="RD00155D493005" PongNodeId="RD00155D492E98">
			<PacketSize Bytes="4" Iterations="1024" Latency="182.974" Throughput="0.021" Underperforming="false"/>
			<PacketSize Bytes="4194304" Iterations="16" Latency="69091.050" Throughput="57.895" Underperforming="false"/>
		</Link>
		<Link PingNodeId="RD00155D493005" PongNodeId="RD00155D490F39">
			<PacketSize Bytes="4" Iterations="1024" Latency="179.224" Throughput="0.021" Underperforming="false"/>
			<PacketSize Bytes="4194304" Iterations="16" Latency="66692.075" Throughput="59.977" Underperforming="false"/>
		</Link>
		<Link PingNodeId="RD00155D493005" PongNodeId="RD00155D49300D">
			<PacketSize Bytes="4" Iterations="1024" Latency="191.359" Throughput="0.020" Underperforming="false"/>
			<PacketSize Bytes="4194304" Iterations="16" Latency="66638.831" Throughput="60.025" Underperforming="false"/>
		</Link>
		<Link PingNodeId="RD00155D490D5C" PongNodeId="RD00155D493006">
			<PacketSize Bytes="4" Iterations="1024" Latency="409.875" Throughput="0.009" Underperforming="false"/>
			<PacketSize Bytes="4194304" Iterations="16" Latency="111184.869" Throughput="35.976" Underperforming="true"/>
		</Link>
		<Link PingNodeId="RD00155D490D5C" PongNodeId="RD00155D490DE0">
			<PacketSize Bytes="4" Iterations="1024" Latency="328.377" Throughput="0.012" Underperforming="false"/>
			<PacketSize Bytes="4194304" Iterations="16" Latency="84113.903" Throughput="47.555" Underperforming="false"/>
		</Link>
		<Link PingNodeId="RD00155D490D5C" PongNodeId="RD00155D492E98">
			<PacketSize Bytes="4" Iterations="1024" Latency="281.913" Throughput="0.014" Underperforming="false"/>
			<PacketSize Bytes="4194304" Iterations="16" Latency="91287.931" Throughput="43.817" Underperforming="false"/>
		</Link>
		<Link PingNodeId="RD00155D490D5C" PongNodeId="RD00155D490F39">
			<PacketSize Bytes="4" Iterations="1024" Latency="277.966" Throughput="0.014" Underperforming="false"/>
			<PacketSize Bytes="4194304" Iterations="16" Latency="89172.188" Throughput="44.857" Underperforming="false"/>
		</Link>
		<Link PingNodeId="RD00155D490D5C" PongNodeId="RD00155D49300D">
			<PacketSize Bytes="4" Iterations="1024" Latency="286.283" Throughput="0.013" Underperforming="false"/>
			<PacketSize Bytes="4194304" Iterations="16" Latency="87175.287" Throughput="45.885" Underperforming="false"/>
		</Link>
		<Link PingNodeId="RD00155D493006" PongNodeId="RD00155D490DE0">
			<PacketSize Bytes="4" Iterations="1024" Latency="427.004" Throughput="0.009" Underperforming="false"/>
			<PacketSize Bytes="4194304" Iterations="16" Latency="94490.116" Throughput="42.332" Underperforming="false"/>
		</Link>
		<Link PingNodeId="RD00155D493006" PongNodeId="RD00155D492E98">
			<PacketSize Bytes="4" Iterations="1024" Latency="291.559" Throughput="0.013" Underperforming="false"/>
			<PacketSize Bytes="4194304" Iterations="16" Latency="94041.662" Throughput="42.534" Underperforming="false"/>
		</Link>
		<Link PingNodeId="RD00155D493006" PongNodeId="RD00155D490F39">
			<PacketSize Bytes="4" Iterations="1024" Latency="321.433" Throughput="0.012" Underperforming="false"/>
			<PacketSize Bytes="4194304" Iterations="16" Latency="65977.187" Throughput="60.627" Underperforming="false"/>
		</Link>
		<Link PingNodeId="RD00155D493006" PongNodeId="RD00155D49300D">
			<PacketSize Bytes="4" Iterations="1024" Latency="389.691" Throughput="0.010" Underperforming="false"/>
			<PacketSize Bytes="4194304" Iterations="16" Latency="91725.628" Throughput="43.608" Underperforming="false"/>
		</Link>
		<Link PingNodeId="RD00155D490DE0" PongNodeId="RD00155D492E98">
			<PacketSize Bytes="4" Iterations="1024" Latency="199.519" Throughput="0.019" Underperforming="false"/>
			<PacketSize Bytes="4194304" Iterations="16" Latency="90751.616" Throughput="44.076" Underperforming="false"/>
		</Link>
		<Link PingNodeId="RD00155D490DE0" PongNodeId="RD00155D490F39">
			<PacketSize Bytes="4" Iterations="1024" Latency="231.989" Throughput="0.016" Underperforming="false"/>
			<PacketSize Bytes="4194304" Iterations="16" Latency="70260.209" Throughput="56.931" Underperforming="false"/>
		</Link>
		<Link PingNodeId="RD00155D490DE0" PongNodeId="RD00155D49300D">
			<PacketSize Bytes="4" Iterations="1024" Latency="249.655" Throughput="0.015" Underperforming="false"/>
			<PacketSize Bytes="4194304" Iterations="16" Latency="71499.781" Throughput="55.944" Underperforming="false"/>
		</Link>
		<Link PingNodeId="RD00155D492E98" PongNodeId="RD00155D490F39">
			<PacketSize Bytes="4" Iterations="1024" Latency="175.769" Throughput="0.022" Underperforming="false"/>
			<PacketSize Bytes="4194304" Iterations="16" Latency="76151.594" Throughput="52.527" Underperforming="false"/>
		</Link>
		<Link PingNodeId="RD00155D492E98" PongNodeId="RD00155D49300D">
			<PacketSize Bytes="4" Iterations="1024" Latency="275.559" Throughput="0.014" Underperforming="false"/>
			<PacketSize Bytes="4194304" Iterations="16" Latency="71697.638" Throughput="55.790" Underperforming="false"/>
		</Link>
		<Link PingNodeId="RD00155D490F39" PongNodeId="RD00155D49300D">
			<PacketSize Bytes="4" Iterations="1024" Latency="285.604" Throughput="0.013" Underperforming="false"/>
			<PacketSize Bytes="4194304" Iterations="16" Latency="95583.297" Throughput="41.848" Underperforming="false"/>
		</Link>
	</LinkDetails>

</MpiPingPongResults>
