<?xml version="1.0" encoding="utf-8"?>
<MpiPingPongResults 
	xmlns:xsi="http://www.w3.org/2001/XMLSchema-instance" 
	xmlns:xsd="http://www.w3.org/2001/XMLSchema" 
	xmlns="http://schemas.microsoft.com/MpiPingPongResults/2008/5">

	<TestOverview>
		<TestType>MPI Ping-Pong: Serial Ring L&amp;T Test</TestType>
		<NumberOfNodes>2</NumberOfNodes>
		<Duration>
			<StartTime>2014-04-03T07:37:31+00:00</StartTime>
			<EndTime>2014-04-03T07:37:32+00:00</EndTime>
			<ElapsedSeconds>0.620</ElapsedSeconds>
		</Duration>
		<Units>
			<PacketSize>Bytes</PacketSize>
			<Latency>Microseconds</Latency>
			<Throughput>MB/second</Throughput>
		</Units>
	</TestOverview>

	<Summary>
		<LatencyInfo PacketSize="4" Average="2.782" StdDev="0.181" Variability="Moderate">
			<Iterations Average="1024.000" StdDev="0.000"/>
			<BestLink  PingNodeId="RD00155D87408E" PongNodeId="RD00155D8738BC" Latency="2.654"/>
			<WorstLink PingNodeId="RD00155D8738BC" PongNodeId="RD00155D87408E" Latency="2.910"/>
			<BestNode  NodeId="RD00155D87408E" Average="2.782" StdDev="0.181"/>
			<WorstNode NodeId="RD00155D87408E" Average="2.782" StdDev="0.181"/>
		</LatencyInfo>
		<ThroughputInfo PacketSize="4194304" Average="3647.545" StdDev="0.367" Variability="Low">
			<Iterations Average="16.000" StdDev="0.000"/>
			<BestLink  PingNodeId="RD00155D8738BC" PongNodeId="RD00155D87408E" Throughput="3647.804"/>
			<WorstLink PingNodeId="RD00155D87408E" PongNodeId="RD00155D8738BC" Throughput="3647.285"/>
			<BestNode  NodeId="RD00155D87408E" Average="3647.545" StdDev="0.367"/>
			<WorstNode NodeId="RD00155D87408E" Average="3647.545" StdDev="0.367"/>
		</ThroughputInfo>
	</Summary>

	<NodeDetails>
		<Node NodeId="RD00155D87408E" Rank="0" Name="RD00155D87408E">
			<LatencyInfo PacketSize="4" Average="2.782" StdDev="0.181" Variability="Moderate" Underperforming="false">
				<BestLink  PingNodeId="RD00155D87408E" PongNodeId="RD00155D8738BC" Latency="2.654"/>
				<WorstLink PingNodeId="RD00155D8738BC" PongNodeId="RD00155D87408E" Latency="2.910"/>
			</LatencyInfo>
			<ThroughputInfo PacketSize="4194304" Average="3647.545" StdDev="0.367" Variability="Low" Underperforming="false">
				<BestLink  PingNodeId="RD00155D8738BC" PongNodeId="RD00155D87408E" Throughput="3647.804"/>
				<WorstLink PingNodeId="RD00155D87408E" PongNodeId="RD00155D8738BC" Throughput="3647.285"/>
			</ThroughputInfo>
		</Node>
		<Node NodeId="RD00155D8738BC" Rank="1" Name="RD00155D8738BC">
			<LatencyInfo PacketSize="4" Average="2.782" StdDev="0.181" Variability="Moderate" Underperforming="false">
				<BestLink  PingNodeId="RD00155D87408E" PongNodeId="RD00155D8738BC" Latency="2.654"/>
				<WorstLink PingNodeId="RD00155D8738BC" PongNodeId="RD00155D87408E" Latency="2.910"/>
			</LatencyInfo>
			<ThroughputInfo PacketSize="4194304" Average="3647.545" StdDev="0.367" Variability="Low" Underperforming="false">
				<BestLink  PingNodeId="RD00155D8738BC" PongNodeId="RD00155D87408E" Throughput="3647.804"/>
				<WorstLink PingNodeId="RD00155D87408E" PongNodeId="RD00155D8738BC" Throughput="3647.285"/>
			</ThroughputInfo>
		</Node>
	</NodeDetails>

	<LinkDetails>
		<Link PingNodeId="RD00155D87408E" PongNodeId="RD00155D8738BC">
			<PacketSize Bytes="4" Iterations="1024" Latency="2.654" Throughput="1.437" Underperforming="false"/>
			<PacketSize Bytes="4194304" Iterations="16" Latency="1096.706" Throughput="3647.285" Underperforming="false"/>
		</Link>
		<Link PingNodeId="RD00155D8738BC" PongNodeId="RD00155D87408E">
			<PacketSize Bytes="4" Iterations="1024" Latency="2.910" Throughput="1.311" Underperforming="false"/>
			<PacketSize Bytes="4194304" Iterations="16" Latency="1096.550" Throughput="3647.804" Underperforming="false"/>
		</Link>
	</LinkDetails>

</MpiPingPongResults>
