<?xml version="1.0" encoding="utf-8"?>
<MpiPingPongResults 
	xmlns:xsi="http://www.w3.org/2001/XMLSchema-instance" 
	xmlns:xsd="http://www.w3.org/2001/XMLSchema" 
	xmlns="http://schemas.microsoft.com/MpiPingPongResults/2008/5">

	<TestOverview>
		<TestType>MPI Ping-Pong: Tournament L&amp;T Test</TestType>
		<NumberOfNodes>2</NumberOfNodes>
		<Duration>
			<StartTime>2014-04-01T14:33:34+00:00</StartTime>
			<EndTime>2014-04-01T14:33:42+00:00</EndTime>
			<ElapsedSeconds>7.266</ElapsedSeconds>
		</Duration>
		<Units>
			<PacketSize>Bytes</PacketSize>
			<Latency>Microseconds</Latency>
			<Throughput>MB/second</Throughput>
		</Units>
	</TestOverview>

	<Summary>
		<LatencyInfo PacketSize="4" Average="258.911" StdDev="0.000" Variability="Low">
			<Iterations Average="1024.000" StdDev="0.000"/>
			<BestLink  PingNodeId="RD00155D490BA8" PongNodeId="RD00155D493EF2" Latency="258.911"/>
			<WorstLink PingNodeId="RD00155D490BA8" PongNodeId="RD00155D493EF2" Latency="258.911"/>
			<BestNode  NodeId="RD00155D490BA8" Average="258.911" StdDev="0.000"/>
			<WorstNode NodeId="RD00155D490BA8" Average="258.911" StdDev="0.000"/>
		</LatencyInfo>
		<ThroughputInfo PacketSize="4194304" Average="36.358" StdDev="0.000" Variability="Low">
			<Iterations Average="16.000" StdDev="0.000"/>
			<BestLink  PingNodeId="RD00155D490BA8" PongNodeId="RD00155D493EF2" Throughput="36.358"/>
			<WorstLink PingNodeId="RD00155D490BA8" PongNodeId="RD00155D493EF2" Throughput="36.358"/>
			<BestNode  NodeId="RD00155D490BA8" Average="36.358" StdDev="0.000"/>
			<WorstNode NodeId="RD00155D490BA8" Average="36.358" StdDev="0.000"/>
		</ThroughputInfo>
	</Summary>

	<NodeDetails>
		<Node NodeId="RD00155D490BA8" Rank="0" Name="RD00155D490BA8">
			<LatencyInfo PacketSize="4" Average="258.911" StdDev="0.000" Variability="Low" Underperforming="false">
				<BestLink  PingNodeId="RD00155D490BA8" PongNodeId="RD00155D493EF2" Latency="258.911"/>
				<WorstLink PingNodeId="RD00155D490BA8" PongNodeId="RD00155D493EF2" Latency="258.911"/>
			</LatencyInfo>
			<ThroughputInfo PacketSize="4194304" Average="36.358" StdDev="0.000" Variability="Low" Underperforming="false">
				<BestLink  PingNodeId="RD00155D490BA8" PongNodeId="RD00155D493EF2" Throughput="36.358"/>
				<WorstLink PingNodeId="RD00155D490BA8" PongNodeId="RD00155D493EF2" Throughput="36.358"/>
			</ThroughputInfo>
		</Node>
		<Node NodeId="RD00155D493EF2" Rank="1" Name="RD00155D493EF2">
			<LatencyInfo PacketSize="4" Average="258.911" StdDev="0.000" Variability="Low" Underperforming="false">
				<BestLink  PingNodeId="RD00155D490BA8" PongNodeId="RD00155D493EF2" Latency="258.911"/>
				<WorstLink PingNodeId="RD00155D490BA8" PongNodeId="RD00155D493EF2" Latency="258.911"/>
			</LatencyInfo>
			<ThroughputInfo PacketSize="4194304" Average="36.358" StdDev="0.000" Variability="Low" Underperforming="false">
				<BestLink  PingNodeId="RD00155D490BA8" PongNodeId="RD00155D493EF2" Throughput="36.358"/>
				<WorstLink PingNodeId="RD00155D490BA8" PongNodeId="RD00155D493EF2" Throughput="36.358"/>
			</ThroughputInfo>
		</Node>
	</NodeDetails>

	<LinkDetails>
		<Link PingNodeId="RD00155D490BA8" PongNodeId="RD00155D493EF2">
			<PacketSize Bytes="4" Iterations="1024" Latency="258.911" Throughput="0.015" Underperforming="false"/>
			<PacketSize Bytes="4194304" Iterations="16" Latency="110017.919" Throughput="36.358" Underperforming="false"/>
		</Link>
	</LinkDetails>

</MpiPingPongResults>
