<?xml version="1.0" encoding="utf-8"?>
<MpiPingPongResults 
	xmlns:xsi="http://www.w3.org/2001/XMLSchema-instance" 
	xmlns:xsd="http://www.w3.org/2001/XMLSchema" 
	xmlns="http://schemas.microsoft.com/MpiPingPongResults/2008/5">

	<TestOverview>
		<TestType>MPI Ping-Pong: Serial Ring L&amp;T Test</TestType>
		<NumberOfNodes>8</NumberOfNodes>
		<Duration>
			<StartTime>2014-04-02T15:02:01+00:00</StartTime>
			<EndTime>2014-04-02T15:02:37+00:00</EndTime>
			<ElapsedSeconds>35.418</ElapsedSeconds>
		</Duration>
		<Units>
			<PacketSize>Bytes</PacketSize>
			<Latency>Microseconds</Latency>
			<Throughput>MB/second</Throughput>
		</Units>
	</TestOverview>

	<Summary>
		<LatencyInfo PacketSize="4" Average="212.720" StdDev="23.806" Variability="Moderate">
			<Iterations Average="1024.000" StdDev="0.000"/>
			<BestLink  PingNodeId="RD00155D83712C" PongNodeId="RD00155D8367A4" Latency="176.781"/>
			<WorstLink PingNodeId="RD00155D8389DF" PongNodeId="RD00155D83712C" Latency="236.402"/>
			<LinkHistogram>
				<Bin LowerBound="176.781" UpperBound="196.654" Count="2"/>
				<Bin LowerBound="196.654" UpperBound="216.528" Count="2"/>
				<Bin LowerBound="216.528" UpperBound="236.402" Count="4"/>
			</LinkHistogram>
			<BestNode  NodeId="RD00155D8367A4" Average="177.535" StdDev="1.067"/>
			<WorstNode NodeId="RD00155D8389DF" Average="233.843" StdDev="3.618"/>
		</LatencyInfo>
		<ThroughputInfo PacketSize="4194304" Average="61.707" StdDev="9.567" Variability="Moderate">
			<Iterations Average="16.000" StdDev="0.000"/>
			<BestLink  PingNodeId="RD00155D8389DF" PongNodeId="RD00155D83712C" Throughput="74.744"/>
			<WorstLink PingNodeId="RD00155D8367A4" PongNodeId="RD00155D835C4A" Throughput="49.141"/>
			<UnderperformingLinks TotalNumber="2">
				<UnderperformingLink PingNodeId="RD00155D8367A4" PongNodeId="RD00155D835C4A" Throughput="49.141"/>
				<UnderperformingLink PingNodeId="RD00155D835861" PongNodeId="RD00155D8376F7" Throughput="49.313"/>
			</UnderperformingLinks>
			<LinkHistogram>
				<Bin LowerBound="49.141" UpperBound="57.675" Count="2"/>
				<Bin LowerBound="57.675" UpperBound="66.210" Count="4"/>
				<Bin LowerBound="66.210" UpperBound="74.744" Count="2"/>
			</LinkHistogram>
			<BestNode  NodeId="RD00155D8389DF" Average="73.895" StdDev="1.201"/>
			<WorstNode NodeId="RD00155D8367A4" Average="54.726" StdDev="7.898"/>
		</ThroughputInfo>
	</Summary>

	<NodeDetails>
		<Node NodeId="RD00155D8389DF" Rank="0" Name="RD00155D8389DF">
			<LatencyInfo PacketSize="4" Average="233.843" StdDev="3.618" Variability="Low" Underperforming="false">
				<BestLink  PingNodeId="RD00155D834EA5" PongNodeId="RD00155D8389DF" Latency="231.285"/>
				<WorstLink PingNodeId="RD00155D8389DF" PongNodeId="RD00155D83712C" Latency="236.402"/>
			</LatencyInfo>
			<ThroughputInfo PacketSize="4194304" Average="73.895" StdDev="1.201" Variability="Low" Underperforming="false">
				<BestLink  PingNodeId="RD00155D8389DF" PongNodeId="RD00155D83712C" Throughput="74.744"/>
				<WorstLink PingNodeId="RD00155D834EA5" PongNodeId="RD00155D8389DF" Throughput="73.045"/>
			</ThroughputInfo>
		</Node>
		<Node NodeId="RD00155D83712C" Rank="1" Name="RD00155D83712C">
			<LatencyInfo PacketSize="4" Average="206.591" StdDev="42.159" Variability="Moderate" Underperforming="false">
				<BestLink  PingNodeId="RD00155D83712C" PongNodeId="RD00155D8367A4" Latency="176.781"/>
				<WorstLink PingNodeId="RD00155D8389DF" PongNodeId="RD00155D83712C" Latency="236.402"/>
			</LatencyInfo>
			<ThroughputInfo PacketSize="4194304" Average="67.527" StdDev="10.206" Variability="Moderate" Underperforming="false">
				<BestLink  PingNodeId="RD00155D8389DF" PongNodeId="RD00155D83712C" Throughput="74.744"/>
				<WorstLink PingNodeId="RD00155D83712C" PongNodeId="RD00155D8367A4" Throughput="60.310"/>
			</ThroughputInfo>
		</Node>
		<Node NodeId="RD00155D8367A4" Rank="2" Name="RD00155D8367A4">
			<LatencyInfo PacketSize="4" Average="177.535" StdDev="1.067" Variability="Low" Underperforming="false">
				<BestLink  PingNodeId="RD00155D83712C" PongNodeId="RD00155D8367A4" Latency="176.781"/>
				<WorstLink PingNodeId="RD00155D8367A4" PongNodeId="RD00155D835C4A" Latency="178.289"/>
			</LatencyInfo>
			<ThroughputInfo PacketSize="4194304" Average="54.726" StdDev="7.898" Variability="Moderate" Underperforming="false">
				<BestLink  PingNodeId="RD00155D83712C" PongNodeId="RD00155D8367A4" Throughput="60.310"/>
				<WorstLink PingNodeId="RD00155D8367A4" PongNodeId="RD00155D835C4A" Throughput="49.141"/>
			</ThroughputInfo>
		</Node>
		<Node NodeId="RD00155D835C4A" Rank="3" Name="RD00155D835C4A">
			<LatencyInfo PacketSize="4" Average="204.277" StdDev="36.751" Variability="Moderate" Underperforming="false">
				<BestLink  PingNodeId="RD00155D8367A4" PongNodeId="RD00155D835C4A" Latency="178.289"/>
				<WorstLink PingNodeId="RD00155D835C4A" PongNodeId="RD00155D835861" Latency="230.264"/>
			</LatencyInfo>
			<ThroughputInfo PacketSize="4194304" Average="57.377" StdDev="11.648" Variability="Moderate" Underperforming="false">
				<BestLink  PingNodeId="RD00155D835C4A" PongNodeId="RD00155D835861" Throughput="65.614"/>
				<WorstLink PingNodeId="RD00155D8367A4" PongNodeId="RD00155D835C4A" Throughput="49.141"/>
			</ThroughputInfo>
		</Node>
		<Node NodeId="RD00155D835861" Rank="4" Name="RD00155D835861">
			<LatencyInfo PacketSize="4" Average="221.609" StdDev="12.239" Variability="Moderate" Underperforming="false">
				<BestLink  PingNodeId="RD00155D835861" PongNodeId="RD00155D8376F7" Latency="212.955"/>
				<WorstLink PingNodeId="RD00155D835C4A" PongNodeId="RD00155D835861" Latency="230.264"/>
			</LatencyInfo>
			<ThroughputInfo PacketSize="4194304" Average="57.463" StdDev="11.526" Variability="Moderate" Underperforming="false">
				<BestLink  PingNodeId="RD00155D835C4A" PongNodeId="RD00155D835861" Throughput="65.614"/>
				<WorstLink PingNodeId="RD00155D835861" PongNodeId="RD00155D8376F7" Throughput="49.313"/>
			</ThroughputInfo>
		</Node>
		<Node NodeId="RD00155D8376F7" Rank="5" Name="RD00155D8376F7">
			<LatencyInfo PacketSize="4" Average="220.705" StdDev="10.960" Variability="Low" Underperforming="false">
				<BestLink  PingNodeId="RD00155D835861" PongNodeId="RD00155D8376F7" Latency="212.955"/>
				<WorstLink PingNodeId="RD00155D8376F7" PongNodeId="RD00155D838DC9" Latency="228.454"/>
			</LatencyInfo>
			<ThroughputInfo PacketSize="4194304" Average="56.236" StdDev="9.791" Variability="Moderate" Underperforming="false">
				<BestLink  PingNodeId="RD00155D8376F7" PongNodeId="RD00155D838DC9" Throughput="63.160"/>
				<WorstLink PingNodeId="RD00155D835861" PongNodeId="RD00155D8376F7" Throughput="49.313"/>
			</ThroughputInfo>
		</Node>
		<Node NodeId="RD00155D838DC9" Rank="6" Name="RD00155D838DC9">
			<LatencyInfo PacketSize="4" Average="217.891" StdDev="14.938" Variability="Moderate" Underperforming="false">
				<BestLink  PingNodeId="RD00155D838DC9" PongNodeId="RD00155D834EA5" Latency="207.328"/>
				<WorstLink PingNodeId="RD00155D8376F7" PongNodeId="RD00155D838DC9" Latency="228.454"/>
			</LatencyInfo>
			<ThroughputInfo PacketSize="4194304" Average="60.746" StdDev="3.413" Variability="Moderate" Underperforming="false">
				<BestLink  PingNodeId="RD00155D8376F7" PongNodeId="RD00155D838DC9" Throughput="63.160"/>
				<WorstLink PingNodeId="RD00155D838DC9" PongNodeId="RD00155D834EA5" Throughput="58.332"/>
			</ThroughputInfo>
		</Node>
		<Node NodeId="RD00155D834EA5" Rank="7" Name="RD00155D834EA5">
			<LatencyInfo PacketSize="4" Average="219.307" StdDev="16.940" Variability="Moderate" Underperforming="false">
				<BestLink  PingNodeId="RD00155D838DC9" PongNodeId="RD00155D834EA5" Latency="207.328"/>
				<WorstLink PingNodeId="RD00155D834EA5" PongNodeId="RD00155D8389DF" Latency="231.285"/>
			</LatencyInfo>
			<ThroughputInfo PacketSize="4194304" Average="65.689" StdDev="10.404" Variability="Moderate" Underperforming="false">
				<BestLink  PingNodeId="RD00155D834EA5" PongNodeId="RD00155D8389DF" Throughput="73.045"/>
				<WorstLink PingNodeId="RD00155D838DC9" PongNodeId="RD00155D834EA5" Throughput="58.332"/>
			</ThroughputInfo>
		</Node>
	</NodeDetails>

	<LinkDetails>
		<Link PingNodeId="RD00155D8389DF" PongNodeId="RD00155D83712C">
			<PacketSize Bytes="4" Iterations="1024" Latency="236.402" Throughput="0.016" Underperforming="false"/>
			<PacketSize Bytes="4194304" Iterations="16" Latency="53516.109" Throughput="74.744" Underperforming="false"/>
		</Link>
		<Link PingNodeId="RD00155D83712C" PongNodeId="RD00155D8367A4">
			<PacketSize Bytes="4" Iterations="1024" Latency="176.781" Throughput="0.022" Underperforming="false"/>
			<PacketSize Bytes="4194304" Iterations="16" Latency="66323.947" Throughput="60.310" Underperforming="false"/>
		</Link>
		<Link PingNodeId="RD00155D8367A4" PongNodeId="RD00155D835C4A">
			<PacketSize Bytes="4" Iterations="1024" Latency="178.289" Throughput="0.021" Underperforming="false"/>
			<PacketSize Bytes="4194304" Iterations="16" Latency="81398.006" Throughput="49.141" Underperforming="true"/>
		</Link>
		<Link PingNodeId="RD00155D835C4A" PongNodeId="RD00155D835861">
			<PacketSize Bytes="4" Iterations="1024" Latency="230.264" Throughput="0.017" Underperforming="false"/>
			<PacketSize Bytes="4194304" Iterations="16" Latency="60963.009" Throughput="65.614" Underperforming="false"/>
		</Link>
		<Link PingNodeId="RD00155D835861" PongNodeId="RD00155D8376F7">
			<PacketSize Bytes="4" Iterations="1024" Latency="212.955" Throughput="0.018" Underperforming="false"/>
			<PacketSize Bytes="4194304" Iterations="16" Latency="81114.734" Throughput="49.313" Underperforming="true"/>
		</Link>
		<Link PingNodeId="RD00155D8376F7" PongNodeId="RD00155D838DC9">
			<PacketSize Bytes="4" Iterations="1024" Latency="228.454" Throughput="0.017" Underperforming="false"/>
			<PacketSize Bytes="4194304" Iterations="16" Latency="63331.613" Throughput="63.160" Underperforming="false"/>
		</Link>
		<Link PingNodeId="RD00155D838DC9" PongNodeId="RD00155D834EA5">
			<PacketSize Bytes="4" Iterations="1024" Latency="207.328" Throughput="0.018" Underperforming="false"/>
			<PacketSize Bytes="4194304" Iterations="16" Latency="68572.644" Throughput="58.332" Underperforming="false"/>
		</Link>
		<Link PingNodeId="RD00155D834EA5" PongNodeId="RD00155D8389DF">
			<PacketSize Bytes="4" Iterations="1024" Latency="231.285" Throughput="0.016" Underperforming="false"/>
			<PacketSize Bytes="4194304" Iterations="16" Latency="54760.494" Throughput="73.045" Underperforming="false"/>
		</Link>
	</LinkDetails>

</MpiPingPongResults>
