<?xml version="1.0" encoding="utf-8"?>
<MpiPingPongResults 
	xmlns:xsi="http://www.w3.org/2001/XMLSchema-instance" 
	xmlns:xsd="http://www.w3.org/2001/XMLSchema" 
	xmlns="http://schemas.microsoft.com/MpiPingPongResults/2008/5">

	<TestOverview>
		<TestType>MPI Ping-Pong: Tournament L&amp;T Test</TestType>
		<NumberOfNodes>8</NumberOfNodes>
		<Duration>
			<StartTime>2014-04-01T14:57:18+00:00</StartTime>
			<EndTime>2014-04-01T14:58:31+00:00</EndTime>
			<ElapsedSeconds>72.994</ElapsedSeconds>
		</Duration>
		<Units>
			<PacketSize>Bytes</PacketSize>
			<Latency>Microseconds</Latency>
			<Throughput>MB/second</Throughput>
		</Units>
	</TestOverview>

	<Summary>
		<LatencyInfo PacketSize="4" Average="406.313" StdDev="166.561" Variability="High">
			<Iterations Average="1024.000" StdDev="0.000"/>
			<BestLink  PingNodeId="RD00155D491015" PongNodeId="RD00155D49449D" Latency="182.519"/>
			<WorstLink PingNodeId="RD00155D493EF2" PongNodeId="RD00155D490DF0" Latency="873.182"/>
			<UnderperformingLinks TotalNumber="5">
				<UnderperformingLink PingNodeId="RD00155D493EF2" PongNodeId="RD00155D490DF0" Latency="873.182"/>
				<UnderperformingLink PingNodeId="RD00155D490DF0" PongNodeId="RD00155D49302E" Latency="826.430"/>
				<UnderperformingLink PingNodeId="RD00155D491015" PongNodeId="RD00155D490C39" Latency="607.420"/>
				<UnderperformingLink PingNodeId="RD00155D490DF0" PongNodeId="RD00155D491015" Latency="590.720"/>
				<UnderperformingLink PingNodeId="RD00155D493EF2" PongNodeId="RD00155D490C39" Latency="588.105"/>
			</UnderperformingLinks>
			<LinkHistogram>
				<Bin LowerBound="182.519" UpperBound="320.652" Count="10"/>
				<Bin LowerBound="320.652" UpperBound="458.784" Count="11"/>
				<Bin LowerBound="458.784" UpperBound="596.917" Count="4"/>
				<Bin LowerBound="596.917" UpperBound="735.049" Count="1"/>
				<Bin LowerBound="735.049" UpperBound="873.182" Count="2"/>
			</LinkHistogram>
			<BestNode  NodeId="RD00155D49449D" Average="289.192" StdDev="79.472"/>
			<WorstNode NodeId="RD00155D493EF2" Average="498.365" StdDev="185.834"/>
		</LatencyInfo>
		<ThroughputInfo PacketSize="4194304" Average="39.421" StdDev="8.634" Variability="Moderate">
			<Iterations Average="16.000" StdDev="0.000"/>
			<BestLink  PingNodeId="RD00155D490C39" PongNodeId="RD00155D49449D" Throughput="54.232"/>
			<WorstLink PingNodeId="RD00155D490BA8" PongNodeId="RD00155D491015" Throughput="23.755"/>
			<UnderperformingLinks TotalNumber="5">
				<UnderperformingLink PingNodeId="RD00155D490BA8" PongNodeId="RD00155D491015" Throughput="23.755"/>
				<UnderperformingLink PingNodeId="RD00155D491015" PongNodeId="RD00155D490C39" Throughput="25.497"/>
				<UnderperformingLink PingNodeId="RD00155D490BA8" PongNodeId="RD00155D493EF2" Throughput="26.862"/>
				<UnderperformingLink PingNodeId="RD00155D490BA8" PongNodeId="RD00155D490C39" Throughput="29.760"/>
				<UnderperformingLink PingNodeId="RD00155D493EF2" PongNodeId="RD00155D492E9A" Throughput="29.855"/>
			</UnderperformingLinks>
			<LinkHistogram>
				<Bin LowerBound="23.755" UpperBound="29.850" Count="4"/>
				<Bin LowerBound="29.850" UpperBound="35.945" Count="7"/>
				<Bin LowerBound="35.945" UpperBound="42.041" Count="6"/>
				<Bin LowerBound="42.041" UpperBound="48.136" Count="6"/>
				<Bin LowerBound="48.136" UpperBound="54.232" Count="5"/>
			</LinkHistogram>
			<BestNode  NodeId="RD00155D49449D" Average="48.651" StdDev="5.753"/>
			<WorstNode NodeId="RD00155D493EF2" Average="33.963" StdDev="5.299"/>
		</ThroughputInfo>
	</Summary>

	<NodeDetails>
		<Node NodeId="RD00155D490BA8" Rank="0" Name="RD00155D490BA8">
			<LatencyInfo PacketSize="4" Average="350.596" StdDev="98.749" Variability="High" Underperforming="false">
				<BestLink  PingNodeId="RD00155D490BA8" PongNodeId="RD00155D49449D" Latency="210.021"/>
				<WorstLink PingNodeId="RD00155D490BA8" PongNodeId="RD00155D490C39" Latency="471.129"/>
			</LatencyInfo>
			<ThroughputInfo PacketSize="4194304" Average="36.093" StdDev="9.991" Variability="High" Underperforming="false">
				<BestLink  PingNodeId="RD00155D490BA8" PongNodeId="RD00155D492E9A" Throughput="48.585"/>
				<WorstLink PingNodeId="RD00155D490BA8" PongNodeId="RD00155D491015" Throughput="23.755"/>
			</ThroughputInfo>
		</Node>
		<Node NodeId="RD00155D493EF2" Rank="1" Name="RD00155D493EF2">
			<LatencyInfo PacketSize="4" Average="498.365" StdDev="185.834" Variability="High" Underperforming="true">
				<BestLink  PingNodeId="RD00155D490BA8" PongNodeId="RD00155D493EF2" Latency="308.785"/>
				<WorstLink PingNodeId="RD00155D493EF2" PongNodeId="RD00155D490DF0" Latency="873.182"/>
			</LatencyInfo>
			<ThroughputInfo PacketSize="4194304" Average="33.963" StdDev="5.299" Variability="Moderate" Underperforming="false">
				<BestLink  PingNodeId="RD00155D493EF2" PongNodeId="RD00155D490DF0" Throughput="42.765"/>
				<WorstLink PingNodeId="RD00155D490BA8" PongNodeId="RD00155D493EF2" Throughput="26.862"/>
			</ThroughputInfo>
		</Node>
		<Node NodeId="RD00155D490DF0" Rank="2" Name="RD00155D490DF0">
			<LatencyInfo PacketSize="4" Average="495.171" StdDev="268.014" Variability="High" Underperforming="true">
				<BestLink  PingNodeId="RD00155D490BA8" PongNodeId="RD00155D490DF0" Latency="246.722"/>
				<WorstLink PingNodeId="RD00155D493EF2" PongNodeId="RD00155D490DF0" Latency="873.182"/>
			</LatencyInfo>
			<ThroughputInfo PacketSize="4194304" Average="41.013" StdDev="5.225" Variability="Moderate" Underperforming="false">
				<BestLink  PingNodeId="RD00155D490DF0" PongNodeId="RD00155D49449D" Throughput="47.936"/>
				<WorstLink PingNodeId="RD00155D490BA8" PongNodeId="RD00155D490DF0" Throughput="33.657"/>
			</ThroughputInfo>
		</Node>
		<Node NodeId="RD00155D492E9A" Rank="3" Name="RD00155D492E9A">
			<LatencyInfo PacketSize="4" Average="369.111" StdDev="77.902" Variability="Moderate" Underperforming="false">
				<BestLink  PingNodeId="RD00155D492E9A" PongNodeId="RD00155D490C39" Latency="235.962"/>
				<WorstLink PingNodeId="RD00155D493EF2" PongNodeId="RD00155D492E9A" Latency="464.713"/>
			</LatencyInfo>
			<ThroughputInfo PacketSize="4194304" Average="42.303" StdDev="8.116" Variability="Moderate" Underperforming="false">
				<BestLink  PingNodeId="RD00155D492E9A" PongNodeId="RD00155D49449D" Throughput="54.055"/>
				<WorstLink PingNodeId="RD00155D493EF2" PongNodeId="RD00155D492E9A" Throughput="29.855"/>
			</ThroughputInfo>
		</Node>
		<Node NodeId="RD00155D491015" Rank="4" Name="RD00155D491015">
			<LatencyInfo PacketSize="4" Average="424.631" StdDev="143.766" Variability="High" Underperforming="false">
				<BestLink  PingNodeId="RD00155D491015" PongNodeId="RD00155D49449D" Latency="182.519"/>
				<WorstLink PingNodeId="RD00155D491015" PongNodeId="RD00155D490C39" Latency="607.420"/>
			</LatencyInfo>
			<ThroughputInfo PacketSize="4194304" Average="35.875" StdDev="10.448" Variability="High" Underperforming="false">
				<BestLink  PingNodeId="RD00155D491015" PongNodeId="RD00155D49449D" Throughput="52.240"/>
				<WorstLink PingNodeId="RD00155D490BA8" PongNodeId="RD00155D491015" Throughput="23.755"/>
			</ThroughputInfo>
		</Node>
		<Node NodeId="RD00155D49302E" Rank="5" Name="RD00155D49302E">
			<LatencyInfo PacketSize="4" Average="427.623" StdDev="182.439" Variability="High" Underperforming="false">
				<BestLink  PingNodeId="RD00155D49302E" PongNodeId="RD00155D49449D" Latency="305.545"/>
				<WorstLink PingNodeId="RD00155D490DF0" PongNodeId="RD00155D49302E" Latency="826.430"/>
			</LatencyInfo>
			<ThroughputInfo PacketSize="4194304" Average="39.531" StdDev="5.846" Variability="Moderate" Underperforming="false">
				<BestLink  PingNodeId="RD00155D49302E" PongNodeId="RD00155D49449D" Throughput="49.145"/>
				<WorstLink PingNodeId="RD00155D493EF2" PongNodeId="RD00155D49302E" Throughput="33.055"/>
			</ThroughputInfo>
		</Node>
		<Node NodeId="RD00155D490C39" Rank="6" Name="RD00155D490C39">
			<LatencyInfo PacketSize="4" Average="395.818" StdDev="160.758" Variability="High" Underperforming="false">
				<BestLink  PingNodeId="RD00155D492E9A" PongNodeId="RD00155D490C39" Latency="235.962"/>
				<WorstLink PingNodeId="RD00155D491015" PongNodeId="RD00155D490C39" Latency="607.420"/>
			</LatencyInfo>
			<ThroughputInfo PacketSize="4194304" Average="37.939" StdDev="9.820" Variability="High" Underperforming="false">
				<BestLink  PingNodeId="RD00155D490C39" PongNodeId="RD00155D49449D" Throughput="54.232"/>
				<WorstLink PingNodeId="RD00155D491015" PongNodeId="RD00155D490C39" Throughput="25.497"/>
			</ThroughputInfo>
		</Node>
		<Node NodeId="RD00155D49449D" Rank="7" Name="RD00155D49449D">
			<LatencyInfo PacketSize="4" Average="289.192" StdDev="79.472" Variability="High" Underperforming="false">
				<BestLink  PingNodeId="RD00155D491015" PongNodeId="RD00155D49449D" Latency="182.519"/>
				<WorstLink PingNodeId="RD00155D493EF2" PongNodeId="RD00155D49449D" Latency="390.038"/>
			</LatencyInfo>
			<ThroughputInfo PacketSize="4194304" Average="48.651" StdDev="5.753" Variability="Moderate" Underperforming="false">
				<BestLink  PingNodeId="RD00155D490C39" PongNodeId="RD00155D49449D" Throughput="54.232"/>
				<WorstLink PingNodeId="RD00155D493EF2" PongNodeId="RD00155D49449D" Throughput="38.189"/>
			</ThroughputInfo>
		</Node>
	</NodeDetails>

	<LinkDetails>
		<Link PingNodeId="RD00155D490BA8" PongNodeId="RD00155D493EF2">
			<PacketSize Bytes="4" Iterations="1024" Latency="308.785" Throughput="0.012" Underperforming="false"/>
			<PacketSize Bytes="4194304" Iterations="16" Latency="148909.159" Throughput="26.862" Underperforming="true"/>
		</Link>
		<Link PingNodeId="RD00155D490BA8" PongNodeId="RD00155D490DF0">
			<PacketSize Bytes="4" Iterations="1024" Latency="246.722" Throughput="0.015" Underperforming="false"/>
			<PacketSize Bytes="4194304" Iterations="16" Latency="118846.144" Throughput="33.657" Underperforming="false"/>
		</Link>
		<Link PingNodeId="RD00155D490BA8" PongNodeId="RD00155D492E9A">
			<PacketSize Bytes="4" Iterations="1024" Latency="437.805" Throughput="0.009" Underperforming="false"/>
			<PacketSize Bytes="4194304" Iterations="16" Latency="82330.631" Throughput="48.585" Underperforming="false"/>
		</Link>
		<Link PingNodeId="RD00155D490BA8" PongNodeId="RD00155D491015">
			<PacketSize Bytes="4" Iterations="1024" Latency="412.128" Throughput="0.009" Underperforming="false"/>
			<PacketSize Bytes="4194304" Iterations="16" Latency="168387.787" Throughput="23.755" Underperforming="true"/>
		</Link>
		<Link PingNodeId="RD00155D490BA8" PongNodeId="RD00155D49302E">
			<PacketSize Bytes="4" Iterations="1024" Latency="367.586" Throughput="0.010" Underperforming="false"/>
			<PacketSize Bytes="4194304" Iterations="16" Latency="88354.681" Throughput="45.272" Underperforming="false"/>
		</Link>
		<Link PingNodeId="RD00155D490BA8" PongNodeId="RD00155D490C39">
			<PacketSize Bytes="4" Iterations="1024" Latency="471.129" Throughput="0.008" Underperforming="false"/>
			<PacketSize Bytes="4194304" Iterations="16" Latency="134407.550" Throughput="29.760" Underperforming="true"/>
		</Link>
		<Link PingNodeId="RD00155D490BA8" PongNodeId="RD00155D49449D">
			<PacketSize Bytes="4" Iterations="1024" Latency="210.021" Throughput="0.018" Underperforming="false"/>
			<PacketSize Bytes="4194304" Iterations="16" Latency="89366.684" Throughput="44.759" Underperforming="false"/>
		</Link>
		<Link PingNodeId="RD00155D493EF2" PongNodeId="RD00155D490DF0">
			<PacketSize Bytes="4" Iterations="1024" Latency="873.182" Throughput="0.004" Underperforming="true"/>
			<PacketSize Bytes="4194304" Iterations="16" Latency="93533.497" Throughput="42.765" Underperforming="false"/>
		</Link>
		<Link PingNodeId="RD00155D493EF2" PongNodeId="RD00155D492E9A">
			<PacketSize Bytes="4" Iterations="1024" Latency="464.713" Throughput="0.008" Underperforming="false"/>
			<PacketSize Bytes="4194304" Iterations="16" Latency="133980.856" Throughput="29.855" Underperforming="true"/>
		</Link>
		<Link PingNodeId="RD00155D493EF2" PongNodeId="RD00155D491015">
			<PacketSize Bytes="4" Iterations="1024" Latency="409.370" Throughput="0.009" Underperforming="false"/>
			<PacketSize Bytes="4194304" Iterations="16" Latency="125050.247" Throughput="31.987" Underperforming="false"/>
		</Link>
		<Link PingNodeId="RD00155D493EF2" PongNodeId="RD00155D49302E">
			<PacketSize Bytes="4" Iterations="1024" Latency="454.365" Throughput="0.008" Underperforming="false"/>
			<PacketSize Bytes="4194304" Iterations="16" Latency="121009.253" Throughput="33.055" Underperforming="false"/>
		</Link>
		<Link PingNodeId="RD00155D493EF2" PongNodeId="RD00155D490C39">
			<PacketSize Bytes="4" Iterations="1024" Latency="588.105" Throughput="0.006" Underperforming="true"/>
			<PacketSize Bytes="4194304" Iterations="16" Latency="114202.112" Throughput="35.026" Underperforming="false"/>
		</Link>
		<Link PingNodeId="RD00155D493EF2" PongNodeId="RD00155D49449D">
			<PacketSize Bytes="4" Iterations="1024" Latency="390.038" Throughput="0.010" Underperforming="false"/>
			<PacketSize Bytes="4194304" Iterations="16" Latency="104741.234" Throughput="38.189" Underperforming="false"/>
		</Link>
		<Link PingNodeId="RD00155D490DF0" PongNodeId="RD00155D492E9A">
			<PacketSize Bytes="4" Iterations="1024" Latency="352.296" Throughput="0.011" Underperforming="false"/>
			<PacketSize Bytes="4194304" Iterations="16" Latency="96775.781" Throughput="41.333" Underperforming="false"/>
		</Link>
		<Link PingNodeId="RD00155D490DF0" PongNodeId="RD00155D491015">
			<PacketSize Bytes="4" Iterations="1024" Latency="590.720" Throughput="0.006" Underperforming="true"/>
			<PacketSize Bytes="4194304" Iterations="16" Latency="86277.456" Throughput="46.362" Underperforming="false"/>
		</Link>
		<Link PingNodeId="RD00155D490DF0" PongNodeId="RD00155D49302E">
			<PacketSize Bytes="4" Iterations="1024" Latency="826.430" Throughput="0.005" Underperforming="true"/>
			<PacketSize Bytes="4194304" Iterations="16" Latency="102083.716" Throughput="39.184" Underperforming="false"/>
		</Link>
		<Link PingNodeId="RD00155D490DF0" PongNodeId="RD00155D490C39">
			<PacketSize Bytes="4" Iterations="1024" Latency="260.099" Throughput="0.015" Underperforming="false"/>
			<PacketSize Bytes="4194304" Iterations="16" Latency="111560.709" Throughput="35.855" Underperforming="false"/>
		</Link>
		<Link PingNodeId="RD00155D490DF0" PongNodeId="RD00155D49449D">
			<PacketSize Bytes="4" Iterations="1024" Latency="316.747" Throughput="0.012" Underperforming="false"/>
			<PacketSize Bytes="4194304" Iterations="16" Latency="83444.100" Throughput="47.936" Underperforming="false"/>
		</Link>
		<Link PingNodeId="RD00155D492E9A" PongNodeId="RD00155D491015">
			<PacketSize Bytes="4" Iterations="1024" Latency="406.184" Throughput="0.009" Underperforming="false"/>
			<PacketSize Bytes="4194304" Iterations="16" Latency="106482.541" Throughput="37.565" Underperforming="false"/>
		</Link>
		<Link PingNodeId="RD00155D492E9A" PongNodeId="RD00155D49302E">
			<PacketSize Bytes="4" Iterations="1024" Latency="313.024" Throughput="0.012" Underperforming="false"/>
			<PacketSize Bytes="4194304" Iterations="16" Latency="105448.741" Throughput="37.933" Underperforming="false"/>
		</Link>
		<Link PingNodeId="RD00155D492E9A" PongNodeId="RD00155D490C39">
			<PacketSize Bytes="4" Iterations="1024" Latency="235.962" Throughput="0.016" Underperforming="false"/>
			<PacketSize Bytes="4194304" Iterations="16" Latency="85482.003" Throughput="46.793" Underperforming="false"/>
		</Link>
		<Link PingNodeId="RD00155D492E9A" PongNodeId="RD00155D49449D">
			<PacketSize Bytes="4" Iterations="1024" Latency="373.795" Throughput="0.010" Underperforming="false"/>
			<PacketSize Bytes="4194304" Iterations="16" Latency="73998.872" Throughput="54.055" Underperforming="false"/>
		</Link>
		<Link PingNodeId="RD00155D491015" PongNodeId="RD00155D49302E">
			<PacketSize Bytes="4" Iterations="1024" Latency="364.077" Throughput="0.010" Underperforming="false"/>
			<PacketSize Bytes="4194304" Iterations="16" Latency="118623.941" Throughput="33.720" Underperforming="false"/>
		</Link>
		<Link PingNodeId="RD00155D491015" PongNodeId="RD00155D490C39">
			<PacketSize Bytes="4" Iterations="1024" Latency="607.420" Throughput="0.006" Underperforming="true"/>
			<PacketSize Bytes="4194304" Iterations="16" Latency="156878.456" Throughput="25.497" Underperforming="true"/>
		</Link>
		<Link PingNodeId="RD00155D491015" PongNodeId="RD00155D49449D">
			<PacketSize Bytes="4" Iterations="1024" Latency="182.519" Throughput="0.021" Underperforming="false"/>
			<PacketSize Bytes="4194304" Iterations="16" Latency="76569.822" Throughput="52.240" Underperforming="false"/>
		</Link>
		<Link PingNodeId="RD00155D49302E" PongNodeId="RD00155D490C39">
			<PacketSize Bytes="4" Iterations="1024" Latency="362.333" Throughput="0.011" Underperforming="false"/>
			<PacketSize Bytes="4194304" Iterations="16" Latency="104148.069" Throughput="38.407" Underperforming="false"/>
		</Link>
		<Link PingNodeId="RD00155D49302E" PongNodeId="RD00155D49449D">
			<PacketSize Bytes="4" Iterations="1024" Latency="305.545" Throughput="0.012" Underperforming="false"/>
			<PacketSize Bytes="4194304" Iterations="16" Latency="81390.994" Throughput="49.145" Underperforming="false"/>
		</Link>
		<Link PingNodeId="RD00155D490C39" PongNodeId="RD00155D49449D">
			<PacketSize Bytes="4" Iterations="1024" Latency="245.677" Throughput="0.016" Underperforming="false"/>
			<PacketSize Bytes="4194304" Iterations="16" Latency="73757.819" Throughput="54.232" Underperforming="false"/>
		</Link>
	</LinkDetails>

</MpiPingPongResults>
