<?xml version="1.0" encoding="utf-8"?>
<MpiPingPongResults 
	xmlns:xsi="http://www.w3.org/2001/XMLSchema-instance" 
	xmlns:xsd="http://www.w3.org/2001/XMLSchema" 
	xmlns="http://schemas.microsoft.com/MpiPingPongResults/2008/5">

	<TestOverview>
		<TestType>MPI Ping-Pong: Tournament L&amp;T Test</TestType>
		<NumberOfNodes>4</NumberOfNodes>
		<Duration>
			<StartTime>2014-04-01T14:32:33+00:00</StartTime>
			<EndTime>2014-04-01T14:32:57+00:00</EndTime>
			<ElapsedSeconds>23.528</ElapsedSeconds>
		</Duration>
		<Units>
			<PacketSize>Bytes</PacketSize>
			<Latency>Microseconds</Latency>
			<Throughput>MB/second</Throughput>
		</Units>
	</TestOverview>

	<Summary>
		<LatencyInfo PacketSize="4" Average="326.128" StdDev="97.017" Variability="High">
			<Iterations Average="1024.000" StdDev="0.000"/>
			<BestLink  PingNodeId="RD00155D490071" PongNodeId="RD00155D493005" Latency="214.330"/>
			<WorstLink PingNodeId="RD00155D493EF2" PongNodeId="RD00155D490071" Latency="454.512"/>
			<UnderperformingLinks TotalNumber="1">
				<UnderperformingLink PingNodeId="RD00155D493EF2" PongNodeId="RD00155D490071" Latency="454.512"/>
			</UnderperformingLinks>
			<LinkHistogram>
				<Bin LowerBound="214.330" UpperBound="334.421" Count="3"/>
				<Bin LowerBound="334.421" UpperBound="454.512" Count="3"/>
			</LinkHistogram>
			<BestNode  NodeId="RD00155D490BA8" Average="289.425" StdDev="51.440"/>
			<WorstNode NodeId="RD00155D493EF2" Average="370.933" StdDev="115.892"/>
		</LatencyInfo>
		<ThroughputInfo PacketSize="4194304" Average="43.712" StdDev="10.932" Variability="High">
			<Iterations Average="16.000" StdDev="0.000"/>
			<BestLink  PingNodeId="RD00155D490071" PongNodeId="RD00155D493005" Throughput="58.312"/>
			<WorstLink PingNodeId="RD00155D490BA8" PongNodeId="RD00155D493EF2" Throughput="28.539"/>
			<UnderperformingLinks TotalNumber="1">
				<UnderperformingLink PingNodeId="RD00155D490BA8" PongNodeId="RD00155D493EF2" Throughput="28.539"/>
			</UnderperformingLinks>
			<LinkHistogram>
				<Bin LowerBound="28.539" UpperBound="43.425" Count="3"/>
				<Bin LowerBound="43.425" UpperBound="58.312" Count="3"/>
			</LinkHistogram>
			<BestNode  NodeId="RD00155D490071" Average="49.852" StdDev="8.202"/>
			<WorstNode NodeId="RD00155D493EF2" Average="35.000" StdDev="6.711"/>
		</ThroughputInfo>
	</Summary>

	<NodeDetails>
		<Node NodeId="RD00155D490BA8" Rank="0" Name="RD00155D490BA8">
			<LatencyInfo PacketSize="4" Average="289.425" StdDev="51.440" Variability="Moderate" Underperforming="false">
				<BestLink  PingNodeId="RD00155D490BA8" PongNodeId="RD00155D493EF2" Latency="238.635"/>
				<WorstLink PingNodeId="RD00155D490BA8" PongNodeId="RD00155D490071" Latency="341.491"/>
			</LatencyInfo>
			<ThroughputInfo PacketSize="4194304" Average="42.500" StdDev="12.092" Variability="High" Underperforming="false">
				<BestLink  PingNodeId="RD00155D490BA8" PongNodeId="RD00155D493005" Throughput="49.653"/>
				<WorstLink PingNodeId="RD00155D490BA8" PongNodeId="RD00155D493EF2" Throughput="28.539"/>
			</ThroughputInfo>
		</Node>
		<Node NodeId="RD00155D493EF2" Rank="1" Name="RD00155D493EF2">
			<LatencyInfo PacketSize="4" Average="370.933" StdDev="115.892" Variability="High" Underperforming="false">
				<BestLink  PingNodeId="RD00155D490BA8" PongNodeId="RD00155D493EF2" Latency="238.635"/>
				<WorstLink PingNodeId="RD00155D493EF2" PongNodeId="RD00155D490071" Latency="454.512"/>
			</LatencyInfo>
			<ThroughputInfo PacketSize="4194304" Average="35.000" StdDev="6.711" Variability="Moderate" Underperforming="false">
				<BestLink  PingNodeId="RD00155D493EF2" PongNodeId="RD00155D490071" Throughput="41.935"/>
				<WorstLink PingNodeId="RD00155D490BA8" PongNodeId="RD00155D493EF2" Throughput="28.539"/>
			</ThroughputInfo>
		</Node>
		<Node NodeId="RD00155D490071" Rank="2" Name="RD00155D490071">
			<LatencyInfo PacketSize="4" Average="336.778" StdDev="120.160" Variability="High" Underperforming="false">
				<BestLink  PingNodeId="RD00155D490071" PongNodeId="RD00155D493005" Latency="214.330"/>
				<WorstLink PingNodeId="RD00155D493EF2" PongNodeId="RD00155D490071" Latency="454.512"/>
			</LatencyInfo>
			<ThroughputInfo PacketSize="4194304" Average="49.852" StdDev="8.202" Variability="Moderate" Underperforming="false">
				<BestLink  PingNodeId="RD00155D490071" PongNodeId="RD00155D493005" Throughput="58.312"/>
				<WorstLink PingNodeId="RD00155D493EF2" PongNodeId="RD00155D490071" Throughput="41.935"/>
			</ThroughputInfo>
		</Node>
		<Node NodeId="RD00155D493005" Rank="3" Name="RD00155D493005">
			<LatencyInfo PacketSize="4" Average="307.377" StdDev="104.003" Variability="High" Underperforming="false">
				<BestLink  PingNodeId="RD00155D490071" PongNodeId="RD00155D493005" Latency="214.330"/>
				<WorstLink PingNodeId="RD00155D493EF2" PongNodeId="RD00155D493005" Latency="419.652"/>
			</LatencyInfo>
			<ThroughputInfo PacketSize="4194304" Average="47.496" StdDev="12.039" Variability="High" Underperforming="false">
				<BestLink  PingNodeId="RD00155D490071" PongNodeId="RD00155D493005" Throughput="58.312"/>
				<WorstLink PingNodeId="RD00155D493EF2" PongNodeId="RD00155D493005" Throughput="34.525"/>
			</ThroughputInfo>
		</Node>
	</NodeDetails>

	<LinkDetails>
		<Link PingNodeId="RD00155D490BA8" PongNodeId="RD00155D493EF2">
			<PacketSize Bytes="4" Iterations="1024" Latency="238.635" Throughput="0.016" Underperforming="false"/>
			<PacketSize Bytes="4194304" Iterations="16" Latency="140156.788" Throughput="28.539" Underperforming="true"/>
		</Link>
		<Link PingNodeId="RD00155D490BA8" PongNodeId="RD00155D490071">
			<PacketSize Bytes="4" Iterations="1024" Latency="341.491" Throughput="0.011" Underperforming="false"/>
			<PacketSize Bytes="4194304" Iterations="16" Latency="81122.119" Throughput="49.308" Underperforming="false"/>
		</Link>
		<Link PingNodeId="RD00155D490BA8" PongNodeId="RD00155D493005">
			<PacketSize Bytes="4" Iterations="1024" Latency="288.149" Throughput="0.013" Underperforming="false"/>
			<PacketSize Bytes="4194304" Iterations="16" Latency="80559.681" Throughput="49.653" Underperforming="false"/>
		</Link>
		<Link PingNodeId="RD00155D493EF2" PongNodeId="RD00155D490071">
			<PacketSize Bytes="4" Iterations="1024" Latency="454.512" Throughput="0.008" Underperforming="true"/>
			<PacketSize Bytes="4194304" Iterations="16" Latency="95384.975" Throughput="41.935" Underperforming="false"/>
		</Link>
		<Link PingNodeId="RD00155D493EF2" PongNodeId="RD00155D493005">
			<PacketSize Bytes="4" Iterations="1024" Latency="419.652" Throughput="0.009" Underperforming="false"/>
			<PacketSize Bytes="4194304" Iterations="16" Latency="115858.631" Throughput="34.525" Underperforming="false"/>
		</Link>
		<Link PingNodeId="RD00155D490071" PongNodeId="RD00155D493005">
			<PacketSize Bytes="4" Iterations="1024" Latency="214.330" Throughput="0.018" Underperforming="false"/>
			<PacketSize Bytes="4194304" Iterations="16" Latency="68597.103" Throughput="58.312" Underperforming="false"/>
		</Link>
	</LinkDetails>

</MpiPingPongResults>
