<?xml version="1.0" encoding="utf-8"?>
<MpiPingPongResults 
	xmlns:xsi="http://www.w3.org/2001/XMLSchema-instance" 
	xmlns:xsd="http://www.w3.org/2001/XMLSchema" 
	xmlns="http://schemas.microsoft.com/MpiPingPongResults/2008/5">

	<TestOverview>
		<TestType>MPI Ping-Pong: Serial Ring L&amp;T Test</TestType>
		<NumberOfNodes>4</NumberOfNodes>
		<Duration>
			<StartTime>2014-04-02T13:11:52+00:00</StartTime>
			<EndTime>2014-04-02T13:12:09+00:00</EndTime>
			<ElapsedSeconds>17.891</ElapsedSeconds>
		</Duration>
		<Units>
			<PacketSize>Bytes</PacketSize>
			<Latency>Microseconds</Latency>
			<Throughput>MB/second</Throughput>
		</Units>
	</TestOverview>

	<Summary>
		<LatencyInfo PacketSize="4" Average="213.291" StdDev="21.339" Variability="Moderate">
			<Iterations Average="1024.000" StdDev="0.000"/>
			<BestLink  PingNodeId="RD00155D4926CF" PongNodeId="RD00155D493050" Latency="185.940"/>
			<WorstLink PingNodeId="RD00155D491EE2" PongNodeId="RD00155D493053" Latency="236.509"/>
			<LinkHistogram>
				<Bin LowerBound="185.940" UpperBound="211.225" Count="2"/>
				<Bin LowerBound="211.225" UpperBound="236.509" Count="2"/>
			</LinkHistogram>
			<BestNode  NodeId="RD00155D493050" Average="197.681" StdDev="16.604"/>
			<WorstNode NodeId="RD00155D493053" Average="228.900" StdDev="10.760"/>
		</LatencyInfo>
		<ThroughputInfo PacketSize="4194304" Average="70.082" StdDev="7.253" Variability="Moderate">
			<Iterations Average="16.000" StdDev="0.000"/>
			<BestLink  PingNodeId="RD00155D493053" PongNodeId="RD00155D4926CF" Throughput="74.492"/>
			<WorstLink PingNodeId="RD00155D4926CF" PongNodeId="RD00155D493050" Throughput="59.254"/>
			<LinkHistogram>
				<Bin LowerBound="59.254" UpperBound="66.873" Count="1"/>
				<Bin LowerBound="66.873" UpperBound="74.492" Count="3"/>
			</LinkHistogram>
			<BestNode  NodeId="RD00155D493053" Average="74.147" StdDev="0.487"/>
			<WorstNode NodeId="RD00155D493050" Average="66.017" StdDev="9.564"/>
		</ThroughputInfo>
	</Summary>

	<NodeDetails>
		<Node NodeId="RD00155D493050" Rank="0" Name="RD00155D493050">
			<LatencyInfo PacketSize="4" Average="197.681" StdDev="16.604" Variability="Moderate" Underperforming="false">
				<BestLink  PingNodeId="RD00155D4926CF" PongNodeId="RD00155D493050" Latency="185.940"/>
				<WorstLink PingNodeId="RD00155D493050" PongNodeId="RD00155D491EE2" Latency="209.421"/>
			</LatencyInfo>
			<ThroughputInfo PacketSize="4194304" Average="66.017" StdDev="9.564" Variability="Moderate" Underperforming="false">
				<BestLink  PingNodeId="RD00155D493050" PongNodeId="RD00155D491EE2" Throughput="72.779"/>
				<WorstLink PingNodeId="RD00155D4926CF" PongNodeId="RD00155D493050" Throughput="59.254"/>
			</ThroughputInfo>
		</Node>
		<Node NodeId="RD00155D491EE2" Rank="1" Name="RD00155D491EE2">
			<LatencyInfo PacketSize="4" Average="222.965" StdDev="19.154" Variability="Moderate" Underperforming="false">
				<BestLink  PingNodeId="RD00155D493050" PongNodeId="RD00155D491EE2" Latency="209.421"/>
				<WorstLink PingNodeId="RD00155D491EE2" PongNodeId="RD00155D493053" Latency="236.509"/>
			</LatencyInfo>
			<ThroughputInfo PacketSize="4194304" Average="73.291" StdDev="0.723" Variability="Low" Underperforming="false">
				<BestLink  PingNodeId="RD00155D491EE2" PongNodeId="RD00155D493053" Throughput="73.802"/>
				<WorstLink PingNodeId="RD00155D493050" PongNodeId="RD00155D491EE2" Throughput="72.779"/>
			</ThroughputInfo>
		</Node>
		<Node NodeId="RD00155D493053" Rank="2" Name="RD00155D493053">
			<LatencyInfo PacketSize="4" Average="228.900" StdDev="10.760" Variability="Low" Underperforming="false">
				<BestLink  PingNodeId="RD00155D493053" PongNodeId="RD00155D4926CF" Latency="221.292"/>
				<WorstLink PingNodeId="RD00155D491EE2" PongNodeId="RD00155D493053" Latency="236.509"/>
			</LatencyInfo>
			<ThroughputInfo PacketSize="4194304" Average="74.147" StdDev="0.487" Variability="Low" Underperforming="false">
				<BestLink  PingNodeId="RD00155D493053" PongNodeId="RD00155D4926CF" Throughput="74.492"/>
				<WorstLink PingNodeId="RD00155D491EE2" PongNodeId="RD00155D493053" Throughput="73.802"/>
			</ThroughputInfo>
		</Node>
		<Node NodeId="RD00155D4926CF" Rank="3" Name="RD00155D4926CF">
			<LatencyInfo PacketSize="4" Average="203.616" StdDev="24.997" Variability="Moderate" Underperforming="false">
				<BestLink  PingNodeId="RD00155D4926CF" PongNodeId="RD00155D493050" Latency="185.940"/>
				<WorstLink PingNodeId="RD00155D493053" PongNodeId="RD00155D4926CF" Latency="221.292"/>
			</LatencyInfo>
			<ThroughputInfo PacketSize="4194304" Average="66.873" StdDev="10.774" Variability="Moderate" Underperforming="false">
				<BestLink  PingNodeId="RD00155D493053" PongNodeId="RD00155D4926CF" Throughput="74.492"/>
				<WorstLink PingNodeId="RD00155D4926CF" PongNodeId="RD00155D493050" Throughput="59.254"/>
			</ThroughputInfo>
		</Node>
	</NodeDetails>

	<LinkDetails>
		<Link PingNodeId="RD00155D493050" PongNodeId="RD00155D491EE2">
			<PacketSize Bytes="4" Iterations="1024" Latency="209.421" Throughput="0.018" Underperforming="false"/>
			<PacketSize Bytes="4194304" Iterations="16" Latency="54960.550" Throughput="72.779" Underperforming="false"/>
		</Link>
		<Link PingNodeId="RD00155D491EE2" PongNodeId="RD00155D493053">
			<PacketSize Bytes="4" Iterations="1024" Latency="236.509" Throughput="0.016" Underperforming="false"/>
			<PacketSize Bytes="4194304" Iterations="16" Latency="54198.716" Throughput="73.802" Underperforming="false"/>
		</Link>
		<Link PingNodeId="RD00155D493053" PongNodeId="RD00155D4926CF">
			<PacketSize Bytes="4" Iterations="1024" Latency="221.292" Throughput="0.017" Underperforming="false"/>
			<PacketSize Bytes="4194304" Iterations="16" Latency="53697.187" Throughput="74.492" Underperforming="false"/>
		</Link>
		<Link PingNodeId="RD00155D4926CF" PongNodeId="RD00155D493050">
			<PacketSize Bytes="4" Iterations="1024" Latency="185.940" Throughput="0.021" Underperforming="false"/>
			<PacketSize Bytes="4194304" Iterations="16" Latency="67505.469" Throughput="59.254" Underperforming="false"/>
		</Link>
	</LinkDetails>

</MpiPingPongResults>
