<?xml version="1.0" encoding="utf-8"?>
<MpiPingPongResults 
	xmlns:xsi="http://www.w3.org/2001/XMLSchema-instance" 
	xmlns:xsd="http://www.w3.org/2001/XMLSchema" 
	xmlns="http://schemas.microsoft.com/MpiPingPongResults/2008/5">

	<TestOverview>
		<TestType>MPI Ping-Pong: Serial Ring L&amp;T Test</TestType>
		<NumberOfNodes>64</NumberOfNodes>
		<Duration>
			<StartTime>2014-04-01T15:44:23+00:00</StartTime>
			<EndTime>2014-04-01T15:48:52+00:00</EndTime>
			<ElapsedSeconds>269.589</ElapsedSeconds>
		</Duration>
		<Units>
			<PacketSize>Bytes</PacketSize>
			<Latency>Microseconds</Latency>
			<Throughput>MB/second</Throughput>
		</Units>
	</TestOverview>

	<Summary>
		<LatencyInfo PacketSize="4" Average="318.303" StdDev="154.227" Variability="High">
			<Iterations Average="1024.000" StdDev="0.000"/>
			<BestLink  PingNodeId="RD00155D493B80" PongNodeId="RD00155D49269D" Latency="131.574"/>
			<WorstLink PingNodeId="RD00155D493EF2" PongNodeId="RD00155D490DF0" Latency="940.545"/>
			<UnderperformingLinks TotalNumber="10">
				<UnderperformingLink PingNodeId="RD00155D493EF2" PongNodeId="RD00155D490DF0" Latency="940.545"/>
				<UnderperformingLink PingNodeId="RD00155D490F39" PongNodeId="RD00155D49300D" Latency="633.534"/>
				<UnderperformingLink PingNodeId="RD00155D49449D" PongNodeId="RD00155D4920C2" Latency="628.105"/>
				<UnderperformingLink PingNodeId="RD00155D49300D" PongNodeId="RD00155D490BA8" Latency="585.441"/>
				<UnderperformingLink PingNodeId="RD00155D492E98" PongNodeId="RD00155D490F39" Latency="576.526"/>
				<UnderperformingLink PingNodeId="RD00155D492E9A" PongNodeId="RD00155D491015" Latency="540.525"/>
				<UnderperformingLink PingNodeId="RD00155D492668" PongNodeId="RD00155D4920F4" Latency="539.757"/>
				<UnderperformingLink PingNodeId="RD00155D490DF0" PongNodeId="RD00155D492E9A" Latency="538.532"/>
				<UnderperformingLink PingNodeId="RD00155D4931C4" PongNodeId="RD00155D494377" Latency="530.020"/>
				<UnderperformingLink PingNodeId="RD00155D493F38" PongNodeId="RD00155D493B9D" Latency="506.265"/>
			</UnderperformingLinks>
			<LinkHistogram>
				<Bin LowerBound="131.574" UpperBound="232.695" Count="24"/>
				<Bin LowerBound="232.695" UpperBound="333.817" Count="17"/>
				<Bin LowerBound="333.817" UpperBound="434.938" Count="10"/>
				<Bin LowerBound="434.938" UpperBound="536.060" Count="5"/>
				<Bin LowerBound="536.060" UpperBound="637.181" Count="7"/>
				<Bin LowerBound="637.181" UpperBound="738.303" Count="0"/>
				<Bin LowerBound="738.303" UpperBound="839.424" Count="0"/>
				<Bin LowerBound="839.424" UpperBound="940.545" Count="1"/>
			</LinkHistogram>
			<BestNode  NodeId="RD00155D493B80" Average="141.870" StdDev="14.561"/>
			<WorstNode NodeId="RD00155D490DF0" Average="739.539" StdDev="284.266"/>
		</LatencyInfo>
		<ThroughputInfo PacketSize="4194304" Average="50.497" StdDev="13.807" Variability="High">
			<Iterations Average="16.000" StdDev="0.000"/>
			<BestLink  PingNodeId="RD00155D490074" PongNodeId="RD00155D492E9D" Throughput="77.562"/>
			<WorstLink PingNodeId="RD00155D493EF2" PongNodeId="RD00155D490DF0" Throughput="24.136"/>
			<UnderperformingLinks TotalNumber="10">
				<UnderperformingLink PingNodeId="RD00155D493EF2" PongNodeId="RD00155D490DF0" Throughput="24.136"/>
				<UnderperformingLink PingNodeId="RD00155D49302E" PongNodeId="RD00155D490C39" Throughput="24.311"/>
				<UnderperformingLink PingNodeId="RD00155D49449D" PongNodeId="RD00155D4920C2" Throughput="25.327"/>
				<UnderperformingLink PingNodeId="RD00155D494379" PongNodeId="RD00155D492E98" Throughput="26.734"/>
				<UnderperformingLink PingNodeId="RD00155D4920C2" PongNodeId="RD00155D492668" Throughput="27.778"/>
				<UnderperformingLink PingNodeId="RD00155D490F39" PongNodeId="RD00155D49300D" Throughput="29.151"/>
				<UnderperformingLink PingNodeId="RD00155D492E9A" PongNodeId="RD00155D491015" Throughput="30.116"/>
				<UnderperformingLink PingNodeId="RD00155D490BA8" PongNodeId="RD00155D493EF2" Throughput="34.673"/>
				<UnderperformingLink PingNodeId="RD00155D490D5C" PongNodeId="RD00155D49154D" Throughput="34.998"/>
				<UnderperformingLink PingNodeId="RD00155D492668" PongNodeId="RD00155D4920F4" Throughput="36.612"/>
			</UnderperformingLinks>
			<LinkHistogram>
				<Bin LowerBound="24.136" UpperBound="30.815" Count="7"/>
				<Bin LowerBound="30.815" UpperBound="37.493" Count="5"/>
				<Bin LowerBound="37.493" UpperBound="44.171" Count="11"/>
				<Bin LowerBound="44.171" UpperBound="50.849" Count="8"/>
				<Bin LowerBound="50.849" UpperBound="57.528" Count="13"/>
				<Bin LowerBound="57.528" UpperBound="64.206" Count="7"/>
				<Bin LowerBound="64.206" UpperBound="70.884" Count="7"/>
				<Bin LowerBound="70.884" UpperBound="77.562" Count="6"/>
			</LinkHistogram>
			<BestNode  NodeId="RD00155D490074" Average="76.265" StdDev="1.834"/>
			<WorstNode NodeId="RD00155D4920C2" Average="26.552" StdDev="1.733"/>
		</ThroughputInfo>
	</Summary>

	<NodeDetails>
		<Node NodeId="RD00155D490BA8" Rank="0" Name="RD00155D490BA8">
			<LatencyInfo PacketSize="4" Average="527.154" StdDev="82.430" Variability="Moderate" Underperforming="true">
				<BestLink  PingNodeId="RD00155D490BA8" PongNodeId="RD00155D493EF2" Latency="468.867"/>
				<WorstLink PingNodeId="RD00155D49300D" PongNodeId="RD00155D490BA8" Latency="585.441"/>
			</LatencyInfo>
			<ThroughputInfo PacketSize="4194304" Average="39.382" StdDev="6.659" Variability="Moderate" Underperforming="false">
				<BestLink  PingNodeId="RD00155D49300D" PongNodeId="RD00155D490BA8" Throughput="44.091"/>
				<WorstLink PingNodeId="RD00155D490BA8" PongNodeId="RD00155D493EF2" Throughput="34.673"/>
			</ThroughputInfo>
		</Node>
		<Node NodeId="RD00155D493EF2" Rank="1" Name="RD00155D493EF2">
			<LatencyInfo PacketSize="4" Average="704.706" StdDev="333.527" Variability="High" Underperforming="true">
				<BestLink  PingNodeId="RD00155D490BA8" PongNodeId="RD00155D493EF2" Latency="468.867"/>
				<WorstLink PingNodeId="RD00155D493EF2" PongNodeId="RD00155D490DF0" Latency="940.545"/>
			</LatencyInfo>
			<ThroughputInfo PacketSize="4194304" Average="29.405" StdDev="7.451" Variability="High" Underperforming="true">
				<BestLink  PingNodeId="RD00155D490BA8" PongNodeId="RD00155D493EF2" Throughput="34.673"/>
				<WorstLink PingNodeId="RD00155D493EF2" PongNodeId="RD00155D490DF0" Throughput="24.136"/>
			</ThroughputInfo>
		</Node>
		<Node NodeId="RD00155D490DF0" Rank="2" Name="RD00155D490DF0">
			<LatencyInfo PacketSize="4" Average="739.539" StdDev="284.266" Variability="High" Underperforming="true">
				<BestLink  PingNodeId="RD00155D490DF0" PongNodeId="RD00155D492E9A" Latency="538.532"/>
				<WorstLink PingNodeId="RD00155D493EF2" PongNodeId="RD00155D490DF0" Latency="940.545"/>
			</LatencyInfo>
			<ThroughputInfo PacketSize="4194304" Average="32.390" StdDev="11.672" Variability="High" Underperforming="true">
				<BestLink  PingNodeId="RD00155D490DF0" PongNodeId="RD00155D492E9A" Throughput="40.643"/>
				<WorstLink PingNodeId="RD00155D493EF2" PongNodeId="RD00155D490DF0" Throughput="24.136"/>
			</ThroughputInfo>
		</Node>
		<Node NodeId="RD00155D492E9A" Rank="3" Name="RD00155D492E9A">
			<LatencyInfo PacketSize="4" Average="539.528" StdDev="1.409" Variability="Low" Underperforming="true">
				<BestLink  PingNodeId="RD00155D490DF0" PongNodeId="RD00155D492E9A" Latency="538.532"/>
				<WorstLink PingNodeId="RD00155D492E9A" PongNodeId="RD00155D491015" Latency="540.525"/>
			</LatencyInfo>
			<ThroughputInfo PacketSize="4194304" Average="35.380" StdDev="7.444" Variability="Moderate" Underperforming="true">
				<BestLink  PingNodeId="RD00155D490DF0" PongNodeId="RD00155D492E9A" Throughput="40.643"/>
				<WorstLink PingNodeId="RD00155D492E9A" PongNodeId="RD00155D491015" Throughput="30.116"/>
			</ThroughputInfo>
		</Node>
		<Node NodeId="RD00155D491015" Rank="4" Name="RD00155D491015">
			<LatencyInfo PacketSize="4" Average="436.320" StdDev="147.368" Variability="High" Underperforming="false">
				<BestLink  PingNodeId="RD00155D491015" PongNodeId="RD00155D49302E" Latency="332.115"/>
				<WorstLink PingNodeId="RD00155D492E9A" PongNodeId="RD00155D491015" Latency="540.525"/>
			</LatencyInfo>
			<ThroughputInfo PacketSize="4194304" Average="34.291" StdDev="5.903" Variability="Moderate" Underperforming="true">
				<BestLink  PingNodeId="RD00155D491015" PongNodeId="RD00155D49302E" Throughput="38.465"/>
				<WorstLink PingNodeId="RD00155D492E9A" PongNodeId="RD00155D491015" Throughput="30.116"/>
			</ThroughputInfo>
		</Node>
		<Node NodeId="RD00155D49302E" Rank="5" Name="RD00155D49302E">
			<LatencyInfo PacketSize="4" Average="347.157" StdDev="21.274" Variability="Moderate" Underperforming="false">
				<BestLink  PingNodeId="RD00155D491015" PongNodeId="RD00155D49302E" Latency="332.115"/>
				<WorstLink PingNodeId="RD00155D49302E" PongNodeId="RD00155D490C39" Latency="362.200"/>
			</LatencyInfo>
			<ThroughputInfo PacketSize="4194304" Average="31.388" StdDev="10.008" Variability="High" Underperforming="true">
				<BestLink  PingNodeId="RD00155D491015" PongNodeId="RD00155D49302E" Throughput="38.465"/>
				<WorstLink PingNodeId="RD00155D49302E" PongNodeId="RD00155D490C39" Throughput="24.311"/>
			</ThroughputInfo>
		</Node>
		<Node NodeId="RD00155D490C39" Rank="6" Name="RD00155D490C39">
			<LatencyInfo PacketSize="4" Average="319.239" StdDev="60.756" Variability="Moderate" Underperforming="false">
				<BestLink  PingNodeId="RD00155D490C39" PongNodeId="RD00155D49449D" Latency="276.278"/>
				<WorstLink PingNodeId="RD00155D49302E" PongNodeId="RD00155D490C39" Latency="362.200"/>
			</LatencyInfo>
			<ThroughputInfo PacketSize="4194304" Average="43.362" StdDev="26.942" Variability="High" Underperforming="false">
				<BestLink  PingNodeId="RD00155D490C39" PongNodeId="RD00155D49449D" Throughput="62.413"/>
				<WorstLink PingNodeId="RD00155D49302E" PongNodeId="RD00155D490C39" Throughput="24.311"/>
			</ThroughputInfo>
		</Node>
		<Node NodeId="RD00155D49449D" Rank="7" Name="RD00155D49449D">
			<LatencyInfo PacketSize="4" Average="452.192" StdDev="248.779" Variability="High" Underperforming="false">
				<BestLink  PingNodeId="RD00155D490C39" PongNodeId="RD00155D49449D" Latency="276.278"/>
				<WorstLink PingNodeId="RD00155D49449D" PongNodeId="RD00155D4920C2" Latency="628.105"/>
			</LatencyInfo>
			<ThroughputInfo PacketSize="4194304" Average="43.870" StdDev="26.223" Variability="High" Underperforming="false">
				<BestLink  PingNodeId="RD00155D490C39" PongNodeId="RD00155D49449D" Throughput="62.413"/>
				<WorstLink PingNodeId="RD00155D49449D" PongNodeId="RD00155D4920C2" Throughput="25.327"/>
			</ThroughputInfo>
		</Node>
		<Node NodeId="RD00155D4920C2" Rank="8" Name="RD00155D4920C2">
			<LatencyInfo PacketSize="4" Average="494.069" StdDev="189.556" Variability="High" Underperforming="true">
				<BestLink  PingNodeId="RD00155D4920C2" PongNodeId="RD00155D492668" Latency="360.032"/>
				<WorstLink PingNodeId="RD00155D49449D" PongNodeId="RD00155D4920C2" Latency="628.105"/>
			</LatencyInfo>
			<ThroughputInfo PacketSize="4194304" Average="26.552" StdDev="1.733" Variability="Moderate" Underperforming="true">
				<BestLink  PingNodeId="RD00155D4920C2" PongNodeId="RD00155D492668" Throughput="27.778"/>
				<WorstLink PingNodeId="RD00155D49449D" PongNodeId="RD00155D4920C2" Throughput="25.327"/>
			</ThroughputInfo>
		</Node>
		<Node NodeId="RD00155D492668" Rank="9" Name="RD00155D492668">
			<LatencyInfo PacketSize="4" Average="449.895" StdDev="127.085" Variability="High" Underperforming="false">
				<BestLink  PingNodeId="RD00155D4920C2" PongNodeId="RD00155D492668" Latency="360.032"/>
				<WorstLink PingNodeId="RD00155D492668" PongNodeId="RD00155D4920F4" Latency="539.757"/>
			</LatencyInfo>
			<ThroughputInfo PacketSize="4194304" Average="32.195" StdDev="6.247" Variability="Moderate" Underperforming="true">
				<BestLink  PingNodeId="RD00155D492668" PongNodeId="RD00155D4920F4" Throughput="36.612"/>
				<WorstLink PingNodeId="RD00155D4920C2" PongNodeId="RD00155D492668" Throughput="27.778"/>
			</ThroughputInfo>
		</Node>
		<Node NodeId="RD00155D4920F4" Rank="10" Name="RD00155D4920F4">
			<LatencyInfo PacketSize="4" Average="447.818" StdDev="130.021" Variability="High" Underperforming="false">
				<BestLink  PingNodeId="RD00155D4920F4" PongNodeId="RD00155D494167" Latency="355.879"/>
				<WorstLink PingNodeId="RD00155D492668" PongNodeId="RD00155D4920F4" Latency="539.757"/>
			</LatencyInfo>
			<ThroughputInfo PacketSize="4194304" Average="47.238" StdDev="15.027" Variability="High" Underperforming="false">
				<BestLink  PingNodeId="RD00155D4920F4" PongNodeId="RD00155D494167" Throughput="57.863"/>
				<WorstLink PingNodeId="RD00155D492668" PongNodeId="RD00155D4920F4" Throughput="36.612"/>
			</ThroughputInfo>
		</Node>
		<Node NodeId="RD00155D494167" Rank="11" Name="RD00155D494167">
			<LatencyInfo PacketSize="4" Average="265.518" StdDev="127.790" Variability="High" Underperforming="false">
				<BestLink  PingNodeId="RD00155D494167" PongNodeId="RD00155D490071" Latency="175.158"/>
				<WorstLink PingNodeId="RD00155D4920F4" PongNodeId="RD00155D494167" Latency="355.879"/>
			</LatencyInfo>
			<ThroughputInfo PacketSize="4194304" Average="64.283" StdDev="9.079" Variability="Moderate" Underperforming="false">
				<BestLink  PingNodeId="RD00155D494167" PongNodeId="RD00155D490071" Throughput="70.703"/>
				<WorstLink PingNodeId="RD00155D4920F4" PongNodeId="RD00155D494167" Throughput="57.863"/>
			</ThroughputInfo>
		</Node>
		<Node NodeId="RD00155D490071" Rank="12" Name="RD00155D490071">
			<LatencyInfo PacketSize="4" Average="239.783" StdDev="91.393" Variability="High" Underperforming="false">
				<BestLink  PingNodeId="RD00155D494167" PongNodeId="RD00155D490071" Latency="175.158"/>
				<WorstLink PingNodeId="RD00155D490071" PongNodeId="RD00155D49121D" Latency="304.407"/>
			</LatencyInfo>
			<ThroughputInfo PacketSize="4194304" Average="53.839" StdDev="23.850" Variability="High" Underperforming="false">
				<BestLink  PingNodeId="RD00155D494167" PongNodeId="RD00155D490071" Throughput="70.703"/>
				<WorstLink PingNodeId="RD00155D490071" PongNodeId="RD00155D49121D" Throughput="36.974"/>
			</ThroughputInfo>
		</Node>
		<Node NodeId="RD00155D49121D" Rank="13" Name="RD00155D49121D">
			<LatencyInfo PacketSize="4" Average="308.441" StdDev="5.704" Variability="Low" Underperforming="false">
				<BestLink  PingNodeId="RD00155D490071" PongNodeId="RD00155D49121D" Latency="304.407"/>
				<WorstLink PingNodeId="RD00155D49121D" PongNodeId="RD00155D492682" Latency="312.474"/>
			</LatencyInfo>
			<ThroughputInfo PacketSize="4194304" Average="43.125" StdDev="8.699" Variability="Moderate" Underperforming="false">
				<BestLink  PingNodeId="RD00155D49121D" PongNodeId="RD00155D492682" Throughput="49.276"/>
				<WorstLink PingNodeId="RD00155D490071" PongNodeId="RD00155D49121D" Throughput="36.974"/>
			</ThroughputInfo>
		</Node>
		<Node NodeId="RD00155D492682" Rank="14" Name="RD00155D492682">
			<LatencyInfo PacketSize="4" Average="360.959" StdDev="68.568" Variability="Moderate" Underperforming="false">
				<BestLink  PingNodeId="RD00155D49121D" PongNodeId="RD00155D492682" Latency="312.474"/>
				<WorstLink PingNodeId="RD00155D492682" PongNodeId="RD00155D491ECB" Latency="409.444"/>
			</LatencyInfo>
			<ThroughputInfo PacketSize="4194304" Average="45.698" StdDev="5.060" Variability="Moderate" Underperforming="false">
				<BestLink  PingNodeId="RD00155D49121D" PongNodeId="RD00155D492682" Throughput="49.276"/>
				<WorstLink PingNodeId="RD00155D492682" PongNodeId="RD00155D491ECB" Throughput="42.121"/>
			</ThroughputInfo>
		</Node>
		<Node NodeId="RD00155D491ECB" Rank="15" Name="RD00155D491ECB">
			<LatencyInfo PacketSize="4" Average="386.057" StdDev="33.075" Variability="Moderate" Underperforming="false">
				<BestLink  PingNodeId="RD00155D491ECB" PongNodeId="RD00155D492FD6" Latency="362.669"/>
				<WorstLink PingNodeId="RD00155D492682" PongNodeId="RD00155D491ECB" Latency="409.444"/>
			</LatencyInfo>
			<ThroughputInfo PacketSize="4194304" Average="40.413" StdDev="2.415" Variability="Moderate" Underperforming="false">
				<BestLink  PingNodeId="RD00155D492682" PongNodeId="RD00155D491ECB" Throughput="42.121"/>
				<WorstLink PingNodeId="RD00155D491ECB" PongNodeId="RD00155D492FD6" Throughput="38.706"/>
			</ThroughputInfo>
		</Node>
		<Node NodeId="RD00155D492FD6" Rank="16" Name="RD00155D492FD6">
			<LatencyInfo PacketSize="4" Average="293.785" StdDev="97.417" Variability="High" Underperforming="false">
				<BestLink  PingNodeId="RD00155D492FD6" PongNodeId="RD00155D49121E" Latency="224.900"/>
				<WorstLink PingNodeId="RD00155D491ECB" PongNodeId="RD00155D492FD6" Latency="362.669"/>
			</LatencyInfo>
			<ThroughputInfo PacketSize="4194304" Average="49.781" StdDev="15.662" Variability="High" Underperforming="false">
				<BestLink  PingNodeId="RD00155D492FD6" PongNodeId="RD00155D49121E" Throughput="60.856"/>
				<WorstLink PingNodeId="RD00155D491ECB" PongNodeId="RD00155D492FD6" Throughput="38.706"/>
			</ThroughputInfo>
		</Node>
		<Node NodeId="RD00155D49121E" Rank="17" Name="RD00155D49121E">
			<LatencyInfo PacketSize="4" Average="191.076" StdDev="47.835" Variability="High" Underperforming="false">
				<BestLink  PingNodeId="RD00155D49121E" PongNodeId="RD00155D4926D8" Latency="157.252"/>
				<WorstLink PingNodeId="RD00155D492FD6" PongNodeId="RD00155D49121E" Latency="224.900"/>
			</LatencyInfo>
			<ThroughputInfo PacketSize="4194304" Average="57.616" StdDev="4.581" Variability="Moderate" Underperforming="false">
				<BestLink  PingNodeId="RD00155D492FD6" PongNodeId="RD00155D49121E" Throughput="60.856"/>
				<WorstLink PingNodeId="RD00155D49121E" PongNodeId="RD00155D4926D8" Throughput="54.377"/>
			</ThroughputInfo>
		</Node>
		<Node NodeId="RD00155D4926D8" Rank="18" Name="RD00155D4926D8">
			<LatencyInfo PacketSize="4" Average="188.382" StdDev="44.025" Variability="Moderate" Underperforming="false">
				<BestLink  PingNodeId="RD00155D49121E" PongNodeId="RD00155D4926D8" Latency="157.252"/>
				<WorstLink PingNodeId="RD00155D4926D8" PongNodeId="RD00155D49213A" Latency="219.513"/>
			</LatencyInfo>
			<ThroughputInfo PacketSize="4194304" Average="51.792" StdDev="3.656" Variability="Moderate" Underperforming="false">
				<BestLink  PingNodeId="RD00155D49121E" PongNodeId="RD00155D4926D8" Throughput="54.377"/>
				<WorstLink PingNodeId="RD00155D4926D8" PongNodeId="RD00155D49213A" Throughput="49.207"/>
			</ThroughputInfo>
		</Node>
		<Node NodeId="RD00155D49213A" Rank="19" Name="RD00155D49213A">
			<LatencyInfo PacketSize="4" Average="335.970" StdDev="164.695" Variability="High" Underperforming="false">
				<BestLink  PingNodeId="RD00155D4926D8" PongNodeId="RD00155D49213A" Latency="219.513"/>
				<WorstLink PingNodeId="RD00155D49213A" PongNodeId="RD00155D490A7F" Latency="452.427"/>
			</LatencyInfo>
			<ThroughputInfo PacketSize="4194304" Average="56.781" StdDev="10.711" Variability="Moderate" Underperforming="false">
				<BestLink  PingNodeId="RD00155D49213A" PongNodeId="RD00155D490A7F" Throughput="64.355"/>
				<WorstLink PingNodeId="RD00155D4926D8" PongNodeId="RD00155D49213A" Throughput="49.207"/>
			</ThroughputInfo>
		</Node>
		<Node NodeId="RD00155D490A7F" Rank="20" Name="RD00155D490A7F">
			<LatencyInfo PacketSize="4" Average="327.252" StdDev="177.025" Variability="High" Underperforming="false">
				<BestLink  PingNodeId="RD00155D490A7F" PongNodeId="RD00155D492BF0" Latency="202.077"/>
				<WorstLink PingNodeId="RD00155D49213A" PongNodeId="RD00155D490A7F" Latency="452.427"/>
			</LatencyInfo>
			<ThroughputInfo PacketSize="4194304" Average="55.914" StdDev="11.937" Variability="Moderate" Underperforming="false">
				<BestLink  PingNodeId="RD00155D49213A" PongNodeId="RD00155D490A7F" Throughput="64.355"/>
				<WorstLink PingNodeId="RD00155D490A7F" PongNodeId="RD00155D492BF0" Throughput="47.473"/>
			</ThroughputInfo>
		</Node>
		<Node NodeId="RD00155D492BF0" Rank="21" Name="RD00155D492BF0">
			<LatencyInfo PacketSize="4" Average="192.495" StdDev="13.550" Variability="Moderate" Underperforming="false">
				<BestLink  PingNodeId="RD00155D492BF0" PongNodeId="RD00155D4926DA" Latency="182.914"/>
				<WorstLink PingNodeId="RD00155D490A7F" PongNodeId="RD00155D492BF0" Latency="202.077"/>
			</LatencyInfo>
			<ThroughputInfo PacketSize="4194304" Average="49.467" StdDev="2.820" Variability="Moderate" Underperforming="false">
				<BestLink  PingNodeId="RD00155D492BF0" PongNodeId="RD00155D4926DA" Throughput="51.461"/>
				<WorstLink PingNodeId="RD00155D490A7F" PongNodeId="RD00155D492BF0" Throughput="47.473"/>
			</ThroughputInfo>
		</Node>
		<Node NodeId="RD00155D4926DA" Rank="22" Name="RD00155D4926DA">
			<LatencyInfo PacketSize="4" Average="176.919" StdDev="8.478" Variability="Low" Underperforming="false">
				<BestLink  PingNodeId="RD00155D4926DA" PongNodeId="RD00155D493005" Latency="170.924"/>
				<WorstLink PingNodeId="RD00155D492BF0" PongNodeId="RD00155D4926DA" Latency="182.914"/>
			</LatencyInfo>
			<ThroughputInfo PacketSize="4194304" Average="58.013" StdDev="9.266" Variability="Moderate" Underperforming="false">
				<BestLink  PingNodeId="RD00155D4926DA" PongNodeId="RD00155D493005" Throughput="64.565"/>
				<WorstLink PingNodeId="RD00155D492BF0" PongNodeId="RD00155D4926DA" Throughput="51.461"/>
			</ThroughputInfo>
		</Node>
		<Node NodeId="RD00155D493005" Rank="23" Name="RD00155D493005">
			<LatencyInfo PacketSize="4" Average="170.008" StdDev="1.296" Variability="Low" Underperforming="false">
				<BestLink  PingNodeId="RD00155D493005" PongNodeId="RD00155D492141" Latency="169.091"/>
				<WorstLink PingNodeId="RD00155D4926DA" PongNodeId="RD00155D493005" Latency="170.924"/>
			</LatencyInfo>
			<ThroughputInfo PacketSize="4194304" Average="67.774" StdDev="4.538" Variability="Moderate" Underperforming="false">
				<BestLink  PingNodeId="RD00155D493005" PongNodeId="RD00155D492141" Throughput="70.983"/>
				<WorstLink PingNodeId="RD00155D4926DA" PongNodeId="RD00155D493005" Throughput="64.565"/>
			</ThroughputInfo>
		</Node>
		<Node NodeId="RD00155D492141" Rank="24" Name="RD00155D492141">
			<LatencyInfo PacketSize="4" Average="232.965" StdDev="90.331" Variability="High" Underperforming="false">
				<BestLink  PingNodeId="RD00155D493005" PongNodeId="RD00155D492141" Latency="169.091"/>
				<WorstLink PingNodeId="RD00155D492141" PongNodeId="RD00155D494375" Latency="296.839"/>
			</LatencyInfo>
			<ThroughputInfo PacketSize="4194304" Average="61.337" StdDev="13.641" Variability="Moderate" Underperforming="false">
				<BestLink  PingNodeId="RD00155D493005" PongNodeId="RD00155D492141" Throughput="70.983"/>
				<WorstLink PingNodeId="RD00155D492141" PongNodeId="RD00155D494375" Throughput="51.692"/>
			</ThroughputInfo>
		</Node>
		<Node NodeId="RD00155D494375" Rank="25" Name="RD00155D494375">
			<LatencyInfo PacketSize="4" Average="263.567" StdDev="47.054" Variability="Moderate" Underperforming="false">
				<BestLink  PingNodeId="RD00155D494375" PongNodeId="RD00155D490074" Latency="230.294"/>
				<WorstLink PingNodeId="RD00155D492141" PongNodeId="RD00155D494375" Latency="296.839"/>
			</LatencyInfo>
			<ThroughputInfo PacketSize="4194304" Average="63.330" StdDev="16.459" Variability="High" Underperforming="false">
				<BestLink  PingNodeId="RD00155D494375" PongNodeId="RD00155D490074" Throughput="74.968"/>
				<WorstLink PingNodeId="RD00155D492141" PongNodeId="RD00155D494375" Throughput="51.692"/>
			</ThroughputInfo>
		</Node>
		<Node NodeId="RD00155D490074" Rank="26" Name="RD00155D490074">
			<LatencyInfo PacketSize="4" Average="193.488" StdDev="52.052" Variability="High" Underperforming="false">
				<BestLink  PingNodeId="RD00155D490074" PongNodeId="RD00155D492E9D" Latency="156.682"/>
				<WorstLink PingNodeId="RD00155D494375" PongNodeId="RD00155D490074" Latency="230.294"/>
			</LatencyInfo>
			<ThroughputInfo PacketSize="4194304" Average="76.265" StdDev="1.834" Variability="Low" Underperforming="false">
				<BestLink  PingNodeId="RD00155D490074" PongNodeId="RD00155D492E9D" Throughput="77.562"/>
				<WorstLink PingNodeId="RD00155D494375" PongNodeId="RD00155D490074" Throughput="74.968"/>
			</ThroughputInfo>
		</Node>
		<Node NodeId="RD00155D492E9D" Rank="27" Name="RD00155D492E9D">
			<LatencyInfo PacketSize="4" Average="154.424" StdDev="3.193" Variability="Low" Underperforming="false">
				<BestLink  PingNodeId="RD00155D492E9D" PongNodeId="RD00155D493B80" Latency="152.167"/>
				<WorstLink PingNodeId="RD00155D490074" PongNodeId="RD00155D492E9D" Latency="156.682"/>
			</LatencyInfo>
			<ThroughputInfo PacketSize="4194304" Average="72.170" StdDev="7.626" Variability="Moderate" Underperforming="false">
				<BestLink  PingNodeId="RD00155D490074" PongNodeId="RD00155D492E9D" Throughput="77.562"/>
				<WorstLink PingNodeId="RD00155D492E9D" PongNodeId="RD00155D493B80" Throughput="66.778"/>
			</ThroughputInfo>
		</Node>
		<Node NodeId="RD00155D493B80" Rank="28" Name="RD00155D493B80">
			<LatencyInfo PacketSize="4" Average="141.870" StdDev="14.561" Variability="Moderate" Underperforming="false">
				<BestLink  PingNodeId="RD00155D493B80" PongNodeId="RD00155D49269D" Latency="131.574"/>
				<WorstLink PingNodeId="RD00155D492E9D" PongNodeId="RD00155D493B80" Latency="152.167"/>
			</LatencyInfo>
			<ThroughputInfo PacketSize="4194304" Average="60.926" StdDev="8.276" Variability="Moderate" Underperforming="false">
				<BestLink  PingNodeId="RD00155D492E9D" PongNodeId="RD00155D493B80" Throughput="66.778"/>
				<WorstLink PingNodeId="RD00155D493B80" PongNodeId="RD00155D49269D" Throughput="55.073"/>
			</ThroughputInfo>
		</Node>
		<Node NodeId="RD00155D49269D" Rank="29" Name="RD00155D49269D">
			<LatencyInfo PacketSize="4" Average="211.867" StdDev="113.551" Variability="High" Underperforming="false">
				<BestLink  PingNodeId="RD00155D493B80" PongNodeId="RD00155D49269D" Latency="131.574"/>
				<WorstLink PingNodeId="RD00155D49269D" PongNodeId="RD00155D491EFB" Latency="292.159"/>
			</LatencyInfo>
			<ThroughputInfo PacketSize="4194304" Average="53.087" StdDev="2.809" Variability="Moderate" Underperforming="false">
				<BestLink  PingNodeId="RD00155D493B80" PongNodeId="RD00155D49269D" Throughput="55.073"/>
				<WorstLink PingNodeId="RD00155D49269D" PongNodeId="RD00155D491EFB" Throughput="51.101"/>
			</ThroughputInfo>
		</Node>
		<Node NodeId="RD00155D491EFB" Rank="30" Name="RD00155D491EFB">
			<LatencyInfo PacketSize="4" Average="351.952" StdDev="84.559" Variability="Moderate" Underperforming="false">
				<BestLink  PingNodeId="RD00155D49269D" PongNodeId="RD00155D491EFB" Latency="292.159"/>
				<WorstLink PingNodeId="RD00155D491EFB" PongNodeId="RD00155D494697" Latency="411.744"/>
			</LatencyInfo>
			<ThroughputInfo PacketSize="4194304" Average="49.823" StdDev="1.807" Variability="Low" Underperforming="false">
				<BestLink  PingNodeId="RD00155D49269D" PongNodeId="RD00155D491EFB" Throughput="51.101"/>
				<WorstLink PingNodeId="RD00155D491EFB" PongNodeId="RD00155D494697" Throughput="48.545"/>
			</ThroughputInfo>
		</Node>
		<Node NodeId="RD00155D494697" Rank="31" Name="RD00155D494697">
			<LatencyInfo PacketSize="4" Average="286.722" StdDev="176.809" Variability="High" Underperforming="false">
				<BestLink  PingNodeId="RD00155D494697" PongNodeId="RD00155D49121F" Latency="161.699"/>
				<WorstLink PingNodeId="RD00155D491EFB" PongNodeId="RD00155D494697" Latency="411.744"/>
			</LatencyInfo>
			<ThroughputInfo PacketSize="4194304" Average="51.695" StdDev="4.455" Variability="Moderate" Underperforming="false">
				<BestLink  PingNodeId="RD00155D494697" PongNodeId="RD00155D49121F" Throughput="54.845"/>
				<WorstLink PingNodeId="RD00155D491EFB" PongNodeId="RD00155D494697" Throughput="48.545"/>
			</ThroughputInfo>
		</Node>
		<Node NodeId="RD00155D49121F" Rank="32" Name="RD00155D49121F">
			<LatencyInfo PacketSize="4" Average="150.130" StdDev="16.361" Variability="Moderate" Underperforming="false">
				<BestLink  PingNodeId="RD00155D49121F" PongNodeId="RD00155D4926D9" Latency="138.561"/>
				<WorstLink PingNodeId="RD00155D494697" PongNodeId="RD00155D49121F" Latency="161.699"/>
			</LatencyInfo>
			<ThroughputInfo PacketSize="4194304" Average="64.117" StdDev="13.112" Variability="Moderate" Underperforming="false">
				<BestLink  PingNodeId="RD00155D49121F" PongNodeId="RD00155D4926D9" Throughput="73.389"/>
				<WorstLink PingNodeId="RD00155D494697" PongNodeId="RD00155D49121F" Throughput="54.845"/>
			</ThroughputInfo>
		</Node>
		<Node NodeId="RD00155D4926D9" Rank="33" Name="RD00155D4926D9">
			<LatencyInfo PacketSize="4" Average="182.788" StdDev="62.546" Variability="High" Underperforming="false">
				<BestLink  PingNodeId="RD00155D49121F" PongNodeId="RD00155D4926D9" Latency="138.561"/>
				<WorstLink PingNodeId="RD00155D4926D9" PongNodeId="RD00155D490D5C" Latency="227.015"/>
			</LatencyInfo>
			<ThroughputInfo PacketSize="4194304" Average="56.767" StdDev="23.506" Variability="High" Underperforming="false">
				<BestLink  PingNodeId="RD00155D49121F" PongNodeId="RD00155D4926D9" Throughput="73.389"/>
				<WorstLink PingNodeId="RD00155D4926D9" PongNodeId="RD00155D490D5C" Throughput="40.146"/>
			</ThroughputInfo>
		</Node>
		<Node NodeId="RD00155D490D5C" Rank="34" Name="RD00155D490D5C">
			<LatencyInfo PacketSize="4" Average="253.249" StdDev="37.101" Variability="Moderate" Underperforming="false">
				<BestLink  PingNodeId="RD00155D4926D9" PongNodeId="RD00155D490D5C" Latency="227.015"/>
				<WorstLink PingNodeId="RD00155D490D5C" PongNodeId="RD00155D49154D" Latency="279.483"/>
			</LatencyInfo>
			<ThroughputInfo PacketSize="4194304" Average="37.572" StdDev="3.640" Variability="Moderate" Underperforming="true">
				<BestLink  PingNodeId="RD00155D4926D9" PongNodeId="RD00155D490D5C" Throughput="40.146"/>
				<WorstLink PingNodeId="RD00155D490D5C" PongNodeId="RD00155D49154D" Throughput="34.998"/>
			</ThroughputInfo>
		</Node>
		<Node NodeId="RD00155D49154D" Rank="35" Name="RD00155D49154D">
			<LatencyInfo PacketSize="4" Average="234.924" StdDev="63.017" Variability="High" Underperforming="false">
				<BestLink  PingNodeId="RD00155D49154D" PongNodeId="RD00155D49437A" Latency="190.364"/>
				<WorstLink PingNodeId="RD00155D490D5C" PongNodeId="RD00155D49154D" Latency="279.483"/>
			</LatencyInfo>
			<ThroughputInfo PacketSize="4194304" Average="49.864" StdDev="21.024" Variability="High" Underperforming="false">
				<BestLink  PingNodeId="RD00155D49154D" PongNodeId="RD00155D49437A" Throughput="64.730"/>
				<WorstLink PingNodeId="RD00155D490D5C" PongNodeId="RD00155D49154D" Throughput="34.998"/>
			</ThroughputInfo>
		</Node>
		<Node NodeId="RD00155D49437A" Rank="36" Name="RD00155D49437A">
			<LatencyInfo PacketSize="4" Average="227.727" StdDev="52.839" Variability="Moderate" Underperforming="false">
				<BestLink  PingNodeId="RD00155D49154D" PongNodeId="RD00155D49437A" Latency="190.364"/>
				<WorstLink PingNodeId="RD00155D49437A" PongNodeId="RD00155D49245F" Latency="265.089"/>
			</LatencyInfo>
			<ThroughputInfo PacketSize="4194304" Average="59.671" StdDev="7.154" Variability="Moderate" Underperforming="false">
				<BestLink  PingNodeId="RD00155D49154D" PongNodeId="RD00155D49437A" Throughput="64.730"/>
				<WorstLink PingNodeId="RD00155D49437A" PongNodeId="RD00155D49245F" Throughput="54.612"/>
			</ThroughputInfo>
		</Node>
		<Node NodeId="RD00155D49245F" Rank="37" Name="RD00155D49245F">
			<LatencyInfo PacketSize="4" Average="257.160" StdDev="11.214" Variability="Low" Underperforming="false">
				<BestLink  PingNodeId="RD00155D49245F" PongNodeId="RD00155D4946DF" Latency="249.231"/>
				<WorstLink PingNodeId="RD00155D49437A" PongNodeId="RD00155D49245F" Latency="265.089"/>
			</LatencyInfo>
			<ThroughputInfo PacketSize="4194304" Average="57.475" StdDev="4.049" Variability="Moderate" Underperforming="false">
				<BestLink  PingNodeId="RD00155D49245F" PongNodeId="RD00155D4946DF" Throughput="60.338"/>
				<WorstLink PingNodeId="RD00155D49437A" PongNodeId="RD00155D49245F" Throughput="54.612"/>
			</ThroughputInfo>
		</Node>
		<Node NodeId="RD00155D4946DF" Rank="38" Name="RD00155D4946DF">
			<LatencyInfo PacketSize="4" Average="257.671" StdDev="11.937" Variability="Low" Underperforming="false">
				<BestLink  PingNodeId="RD00155D49245F" PongNodeId="RD00155D4946DF" Latency="249.231"/>
				<WorstLink PingNodeId="RD00155D4946DF" PongNodeId="RD00155D4931C4" Latency="266.112"/>
			</LatencyInfo>
			<ThroughputInfo PacketSize="4194304" Average="56.575" StdDev="5.322" Variability="Moderate" Underperforming="false">
				<BestLink  PingNodeId="RD00155D49245F" PongNodeId="RD00155D4946DF" Throughput="60.338"/>
				<WorstLink PingNodeId="RD00155D4946DF" PongNodeId="RD00155D4931C4" Throughput="52.812"/>
			</ThroughputInfo>
		</Node>
		<Node NodeId="RD00155D4931C4" Rank="39" Name="RD00155D4931C4">
			<LatencyInfo PacketSize="4" Average="398.066" StdDev="186.611" Variability="High" Underperforming="false">
				<BestLink  PingNodeId="RD00155D4946DF" PongNodeId="RD00155D4931C4" Latency="266.112"/>
				<WorstLink PingNodeId="RD00155D4931C4" PongNodeId="RD00155D494377" Latency="530.020"/>
			</LatencyInfo>
			<ThroughputInfo PacketSize="4194304" Average="47.842" StdDev="7.029" Variability="Moderate" Underperforming="false">
				<BestLink  PingNodeId="RD00155D4946DF" PongNodeId="RD00155D4931C4" Throughput="52.812"/>
				<WorstLink PingNodeId="RD00155D4931C4" PongNodeId="RD00155D494377" Throughput="42.871"/>
			</ThroughputInfo>
		</Node>
		<Node NodeId="RD00155D494377" Rank="40" Name="RD00155D494377">
			<LatencyInfo PacketSize="4" Average="421.917" StdDev="152.879" Variability="High" Underperforming="false">
				<BestLink  PingNodeId="RD00155D494377" PongNodeId="RD00155D492BF5" Latency="313.815"/>
				<WorstLink PingNodeId="RD00155D4931C4" PongNodeId="RD00155D494377" Latency="530.020"/>
			</LatencyInfo>
			<ThroughputInfo PacketSize="4194304" Average="46.220" StdDev="4.736" Variability="Moderate" Underperforming="false">
				<BestLink  PingNodeId="RD00155D494377" PongNodeId="RD00155D492BF5" Throughput="49.569"/>
				<WorstLink PingNodeId="RD00155D4931C4" PongNodeId="RD00155D494377" Throughput="42.871"/>
			</ThroughputInfo>
		</Node>
		<Node NodeId="RD00155D492BF5" Rank="41" Name="RD00155D492BF5">
			<LatencyInfo PacketSize="4" Average="349.188" StdDev="50.025" Variability="Moderate" Underperforming="false">
				<BestLink  PingNodeId="RD00155D494377" PongNodeId="RD00155D492BF5" Latency="313.815"/>
				<WorstLink PingNodeId="RD00155D492BF5" PongNodeId="RD00155D493F38" Latency="384.561"/>
			</LatencyInfo>
			<ThroughputInfo PacketSize="4194304" Average="60.719" StdDev="15.768" Variability="High" Underperforming="false">
				<BestLink  PingNodeId="RD00155D492BF5" PongNodeId="RD00155D493F38" Throughput="71.869"/>
				<WorstLink PingNodeId="RD00155D494377" PongNodeId="RD00155D492BF5" Throughput="49.569"/>
			</ThroughputInfo>
		</Node>
		<Node NodeId="RD00155D493F38" Rank="42" Name="RD00155D493F38">
			<LatencyInfo PacketSize="4" Average="445.413" StdDev="86.058" Variability="Moderate" Underperforming="false">
				<BestLink  PingNodeId="RD00155D492BF5" PongNodeId="RD00155D493F38" Latency="384.561"/>
				<WorstLink PingNodeId="RD00155D493F38" PongNodeId="RD00155D493B9D" Latency="506.265"/>
			</LatencyInfo>
			<ThroughputInfo PacketSize="4194304" Average="61.534" StdDev="14.616" Variability="Moderate" Underperforming="false">
				<BestLink  PingNodeId="RD00155D492BF5" PongNodeId="RD00155D493F38" Throughput="71.869"/>
				<WorstLink PingNodeId="RD00155D493F38" PongNodeId="RD00155D493B9D" Throughput="51.200"/>
			</ThroughputInfo>
		</Node>
		<Node NodeId="RD00155D493B9D" Rank="43" Name="RD00155D493B9D">
			<LatencyInfo PacketSize="4" Average="352.951" StdDev="216.819" Variability="High" Underperforming="false">
				<BestLink  PingNodeId="RD00155D493B9D" PongNodeId="RD00155D4926C3" Latency="199.637"/>
				<WorstLink PingNodeId="RD00155D493F38" PongNodeId="RD00155D493B9D" Latency="506.265"/>
			</LatencyInfo>
			<ThroughputInfo PacketSize="4194304" Average="59.180" StdDev="11.286" Variability="Moderate" Underperforming="false">
				<BestLink  PingNodeId="RD00155D493B9D" PongNodeId="RD00155D4926C3" Throughput="67.161"/>
				<WorstLink PingNodeId="RD00155D493F38" PongNodeId="RD00155D493B9D" Throughput="51.200"/>
			</ThroughputInfo>
		</Node>
		<Node NodeId="RD00155D4926C3" Rank="44" Name="RD00155D4926C3">
			<LatencyInfo PacketSize="4" Average="204.674" StdDev="7.124" Variability="Low" Underperforming="false">
				<BestLink  PingNodeId="RD00155D493B9D" PongNodeId="RD00155D4926C3" Latency="199.637"/>
				<WorstLink PingNodeId="RD00155D4926C3" PongNodeId="RD00155D493006" Latency="209.711"/>
			</LatencyInfo>
			<ThroughputInfo PacketSize="4194304" Average="64.531" StdDev="3.719" Variability="Moderate" Underperforming="false">
				<BestLink  PingNodeId="RD00155D493B9D" PongNodeId="RD00155D4926C3" Throughput="67.161"/>
				<WorstLink PingNodeId="RD00155D4926C3" PongNodeId="RD00155D493006" Throughput="61.901"/>
			</ThroughputInfo>
		</Node>
		<Node NodeId="RD00155D493006" Rank="45" Name="RD00155D493006">
			<LatencyInfo PacketSize="4" Average="236.457" StdDev="37.825" Variability="Moderate" Underperforming="false">
				<BestLink  PingNodeId="RD00155D4926C3" PongNodeId="RD00155D493006" Latency="209.711"/>
				<WorstLink PingNodeId="RD00155D493006" PongNodeId="RD00155D4939B9" Latency="263.204"/>
			</LatencyInfo>
			<ThroughputInfo PacketSize="4194304" Average="55.842" StdDev="8.569" Variability="Moderate" Underperforming="false">
				<BestLink  PingNodeId="RD00155D4926C3" PongNodeId="RD00155D493006" Throughput="61.901"/>
				<WorstLink PingNodeId="RD00155D493006" PongNodeId="RD00155D4939B9" Throughput="49.783"/>
			</ThroughputInfo>
		</Node>
		<Node NodeId="RD00155D4939B9" Rank="46" Name="RD00155D4939B9">
			<LatencyInfo PacketSize="4" Average="298.896" StdDev="50.477" Variability="Moderate" Underperforming="false">
				<BestLink  PingNodeId="RD00155D493006" PongNodeId="RD00155D4939B9" Latency="263.204"/>
				<WorstLink PingNodeId="RD00155D4939B9" PongNodeId="RD00155D490A82" Latency="334.589"/>
			</LatencyInfo>
			<ThroughputInfo PacketSize="4194304" Average="48.463" StdDev="1.868" Variability="Low" Underperforming="false">
				<BestLink  PingNodeId="RD00155D493006" PongNodeId="RD00155D4939B9" Throughput="49.783"/>
				<WorstLink PingNodeId="RD00155D4939B9" PongNodeId="RD00155D490A82" Throughput="47.142"/>
			</ThroughputInfo>
		</Node>
		<Node NodeId="RD00155D490A82" Rank="47" Name="RD00155D490A82">
			<LatencyInfo PacketSize="4" Average="306.870" StdDev="39.200" Variability="Moderate" Underperforming="false">
				<BestLink  PingNodeId="RD00155D490A82" PongNodeId="RD00155D493B9E" Latency="279.151"/>
				<WorstLink PingNodeId="RD00155D4939B9" PongNodeId="RD00155D490A82" Latency="334.589"/>
			</LatencyInfo>
			<ThroughputInfo PacketSize="4194304" Average="52.669" StdDev="7.817" Variability="Moderate" Underperforming="false">
				<BestLink  PingNodeId="RD00155D490A82" PongNodeId="RD00155D493B9E" Throughput="58.197"/>
				<WorstLink PingNodeId="RD00155D4939B9" PongNodeId="RD00155D490A82" Throughput="47.142"/>
			</ThroughputInfo>
		</Node>
		<Node NodeId="RD00155D493B9E" Rank="48" Name="RD00155D493B9E">
			<LatencyInfo PacketSize="4" Average="230.544" StdDev="68.741" Variability="High" Underperforming="false">
				<BestLink  PingNodeId="RD00155D493B9E" PongNodeId="RD00155D4926D7" Latency="181.936"/>
				<WorstLink PingNodeId="RD00155D490A82" PongNodeId="RD00155D493B9E" Latency="279.151"/>
			</LatencyInfo>
			<ThroughputInfo PacketSize="4194304" Average="56.989" StdDev="1.708" Variability="Low" Underperforming="false">
				<BestLink  PingNodeId="RD00155D490A82" PongNodeId="RD00155D493B9E" Throughput="58.197"/>
				<WorstLink PingNodeId="RD00155D493B9E" PongNodeId="RD00155D4926D7" Throughput="55.781"/>
			</ThroughputInfo>
		</Node>
		<Node NodeId="RD00155D4926D7" Rank="49" Name="RD00155D4926D7">
			<LatencyInfo PacketSize="4" Average="178.634" StdDev="4.670" Variability="Low" Underperforming="false">
				<BestLink  PingNodeId="RD00155D4926D7" PongNodeId="RD00155D491554" Latency="175.332"/>
				<WorstLink PingNodeId="RD00155D493B9E" PongNodeId="RD00155D4926D7" Latency="181.936"/>
			</LatencyInfo>
			<ThroughputInfo PacketSize="4194304" Average="59.690" StdDev="5.529" Variability="Moderate" Underperforming="false">
				<BestLink  PingNodeId="RD00155D4926D7" PongNodeId="RD00155D491554" Throughput="63.600"/>
				<WorstLink PingNodeId="RD00155D493B9E" PongNodeId="RD00155D4926D7" Throughput="55.781"/>
			</ThroughputInfo>
		</Node>
		<Node NodeId="RD00155D491554" Rank="50" Name="RD00155D491554">
			<LatencyInfo PacketSize="4" Average="177.764" StdDev="3.440" Variability="Low" Underperforming="false">
				<BestLink  PingNodeId="RD00155D4926D7" PongNodeId="RD00155D491554" Latency="175.332"/>
				<WorstLink PingNodeId="RD00155D491554" PongNodeId="RD00155D493030" Latency="180.196"/>
			</LatencyInfo>
			<ThroughputInfo PacketSize="4194304" Average="59.566" StdDev="5.705" Variability="Moderate" Underperforming="false">
				<BestLink  PingNodeId="RD00155D4926D7" PongNodeId="RD00155D491554" Throughput="63.600"/>
				<WorstLink PingNodeId="RD00155D491554" PongNodeId="RD00155D493030" Throughput="55.532"/>
			</ThroughputInfo>
		</Node>
		<Node NodeId="RD00155D493030" Rank="51" Name="RD00155D493030">
			<LatencyInfo PacketSize="4" Average="191.753" StdDev="16.344" Variability="Moderate" Underperforming="false">
				<BestLink  PingNodeId="RD00155D491554" PongNodeId="RD00155D493030" Latency="180.196"/>
				<WorstLink PingNodeId="RD00155D493030" PongNodeId="RD00155D492146" Latency="203.310"/>
			</LatencyInfo>
			<ThroughputInfo PacketSize="4194304" Average="64.158" StdDev="12.199" Variability="Moderate" Underperforming="false">
				<BestLink  PingNodeId="RD00155D493030" PongNodeId="RD00155D492146" Throughput="72.784"/>
				<WorstLink PingNodeId="RD00155D491554" PongNodeId="RD00155D493030" Throughput="55.532"/>
			</ThroughputInfo>
		</Node>
		<Node NodeId="RD00155D492146" Rank="52" Name="RD00155D492146">
			<LatencyInfo PacketSize="4" Average="273.638" StdDev="99.459" Variability="High" Underperforming="false">
				<BestLink  PingNodeId="RD00155D493030" PongNodeId="RD00155D492146" Latency="203.310"/>
				<WorstLink PingNodeId="RD00155D492146" PongNodeId="RD00155D4926DB" Latency="343.966"/>
			</LatencyInfo>
			<ThroughputInfo PacketSize="4194304" Average="60.355" StdDev="17.577" Variability="High" Underperforming="false">
				<BestLink  PingNodeId="RD00155D493030" PongNodeId="RD00155D492146" Throughput="72.784"/>
				<WorstLink PingNodeId="RD00155D492146" PongNodeId="RD00155D4926DB" Throughput="47.926"/>
			</ThroughputInfo>
		</Node>
		<Node NodeId="RD00155D4926DB" Rank="53" Name="RD00155D4926DB">
			<LatencyInfo PacketSize="4" Average="303.161" StdDev="57.706" Variability="Moderate" Underperforming="false">
				<BestLink  PingNodeId="RD00155D4926DB" PongNodeId="RD00155D491555" Latency="262.357"/>
				<WorstLink PingNodeId="RD00155D492146" PongNodeId="RD00155D4926DB" Latency="343.966"/>
			</LatencyInfo>
			<ThroughputInfo PacketSize="4194304" Average="49.584" StdDev="2.345" Variability="Low" Underperforming="false">
				<BestLink  PingNodeId="RD00155D4926DB" PongNodeId="RD00155D491555" Throughput="51.242"/>
				<WorstLink PingNodeId="RD00155D492146" PongNodeId="RD00155D4926DB" Throughput="47.926"/>
			</ThroughputInfo>
		</Node>
		<Node NodeId="RD00155D491555" Rank="54" Name="RD00155D491555">
			<LatencyInfo PacketSize="4" Average="233.099" StdDev="41.377" Variability="Moderate" Underperforming="false">
				<BestLink  PingNodeId="RD00155D491555" PongNodeId="RD00155D494378" Latency="203.842"/>
				<WorstLink PingNodeId="RD00155D4926DB" PongNodeId="RD00155D491555" Latency="262.357"/>
			</LatencyInfo>
			<ThroughputInfo PacketSize="4194304" Average="44.383" StdDev="9.701" Variability="Moderate" Underperforming="false">
				<BestLink  PingNodeId="RD00155D4926DB" PongNodeId="RD00155D491555" Throughput="51.242"/>
				<WorstLink PingNodeId="RD00155D491555" PongNodeId="RD00155D494378" Throughput="37.523"/>
			</ThroughputInfo>
		</Node>
		<Node NodeId="RD00155D494378" Rank="55" Name="RD00155D494378">
			<LatencyInfo PacketSize="4" Average="258.532" StdDev="77.344" Variability="High" Underperforming="false">
				<BestLink  PingNodeId="RD00155D491555" PongNodeId="RD00155D494378" Latency="203.842"/>
				<WorstLink PingNodeId="RD00155D494378" PongNodeId="RD00155D490DE0" Latency="313.223"/>
			</LatencyInfo>
			<ThroughputInfo PacketSize="4194304" Average="40.527" StdDev="4.248" Variability="Moderate" Underperforming="false">
				<BestLink  PingNodeId="RD00155D494378" PongNodeId="RD00155D490DE0" Throughput="43.531"/>
				<WorstLink PingNodeId="RD00155D491555" PongNodeId="RD00155D494378" Throughput="37.523"/>
			</ThroughputInfo>
		</Node>
		<Node NodeId="RD00155D490DE0" Rank="56" Name="RD00155D490DE0">
			<LatencyInfo PacketSize="4" Average="270.960" StdDev="59.769" Variability="Moderate" Underperforming="false">
				<BestLink  PingNodeId="RD00155D490DE0" PongNodeId="RD00155D49214A" Latency="228.697"/>
				<WorstLink PingNodeId="RD00155D494378" PongNodeId="RD00155D490DE0" Latency="313.223"/>
			</LatencyInfo>
			<ThroughputInfo PacketSize="4194304" Average="40.293" StdDev="4.580" Variability="Moderate" Underperforming="false">
				<BestLink  PingNodeId="RD00155D494378" PongNodeId="RD00155D490DE0" Throughput="43.531"/>
				<WorstLink PingNodeId="RD00155D490DE0" PongNodeId="RD00155D49214A" Throughput="37.054"/>
			</ThroughputInfo>
		</Node>
		<Node NodeId="RD00155D49214A" Rank="57" Name="RD00155D49214A">
			<LatencyInfo PacketSize="4" Average="248.759" StdDev="28.372" Variability="Moderate" Underperforming="false">
				<BestLink  PingNodeId="RD00155D490DE0" PongNodeId="RD00155D49214A" Latency="228.697"/>
				<WorstLink PingNodeId="RD00155D49214A" PongNodeId="RD00155D4926DC" Latency="268.821"/>
			</LatencyInfo>
			<ThroughputInfo PacketSize="4194304" Average="46.182" StdDev="12.908" Variability="High" Underperforming="false">
				<BestLink  PingNodeId="RD00155D49214A" PongNodeId="RD00155D4926DC" Throughput="55.310"/>
				<WorstLink PingNodeId="RD00155D490DE0" PongNodeId="RD00155D49214A" Throughput="37.054"/>
			</ThroughputInfo>
		</Node>
		<Node NodeId="RD00155D4926DC" Rank="58" Name="RD00155D4926DC">
			<LatencyInfo PacketSize="4" Average="269.534" StdDev="1.008" Variability="Low" Underperforming="false">
				<BestLink  PingNodeId="RD00155D49214A" PongNodeId="RD00155D4926DC" Latency="268.821"/>
				<WorstLink PingNodeId="RD00155D4926DC" PongNodeId="RD00155D493744" Latency="270.246"/>
			</LatencyInfo>
			<ThroughputInfo PacketSize="4194304" Average="60.106" StdDev="6.784" Variability="Moderate" Underperforming="false">
				<BestLink  PingNodeId="RD00155D4926DC" PongNodeId="RD00155D493744" Throughput="64.903"/>
				<WorstLink PingNodeId="RD00155D49214A" PongNodeId="RD00155D4926DC" Throughput="55.310"/>
			</ThroughputInfo>
		</Node>
		<Node NodeId="RD00155D493744" Rank="59" Name="RD00155D493744">
			<LatencyInfo PacketSize="4" Average="307.756" StdDev="53.047" Variability="Moderate" Underperforming="false">
				<BestLink  PingNodeId="RD00155D4926DC" PongNodeId="RD00155D493744" Latency="270.246"/>
				<WorstLink PingNodeId="RD00155D493744" PongNodeId="RD00155D494379" Latency="345.266"/>
			</LatencyInfo>
			<ThroughputInfo PacketSize="4194304" Average="53.936" StdDev="15.510" Variability="High" Underperforming="false">
				<BestLink  PingNodeId="RD00155D4926DC" PongNodeId="RD00155D493744" Throughput="64.903"/>
				<WorstLink PingNodeId="RD00155D493744" PongNodeId="RD00155D494379" Throughput="42.968"/>
			</ThroughputInfo>
		</Node>
		<Node NodeId="RD00155D494379" Rank="60" Name="RD00155D494379">
			<LatencyInfo PacketSize="4" Average="393.966" StdDev="68.871" Variability="Moderate" Underperforming="false">
				<BestLink  PingNodeId="RD00155D493744" PongNodeId="RD00155D494379" Latency="345.266"/>
				<WorstLink PingNodeId="RD00155D494379" PongNodeId="RD00155D492E98" Latency="442.665"/>
			</LatencyInfo>
			<ThroughputInfo PacketSize="4194304" Average="34.851" StdDev="11.479" Variability="High" Underperforming="true">
				<BestLink  PingNodeId="RD00155D493744" PongNodeId="RD00155D494379" Throughput="42.968"/>
				<WorstLink PingNodeId="RD00155D494379" PongNodeId="RD00155D492E98" Throughput="26.734"/>
			</ThroughputInfo>
		</Node>
		<Node NodeId="RD00155D492E98" Rank="61" Name="RD00155D492E98">
			<LatencyInfo PacketSize="4" Average="509.595" StdDev="94.654" Variability="Moderate" Underperforming="true">
				<BestLink  PingNodeId="RD00155D494379" PongNodeId="RD00155D492E98" Latency="442.665"/>
				<WorstLink PingNodeId="RD00155D492E98" PongNodeId="RD00155D490F39" Latency="576.526"/>
			</LatencyInfo>
			<ThroughputInfo PacketSize="4194304" Average="32.860" StdDev="8.663" Variability="High" Underperforming="true">
				<BestLink  PingNodeId="RD00155D492E98" PongNodeId="RD00155D490F39" Throughput="38.985"/>
				<WorstLink PingNodeId="RD00155D494379" PongNodeId="RD00155D492E98" Throughput="26.734"/>
			</ThroughputInfo>
		</Node>
		<Node NodeId="RD00155D490F39" Rank="62" Name="RD00155D490F39">
			<LatencyInfo PacketSize="4" Average="605.030" StdDev="40.311" Variability="Moderate" Underperforming="true">
				<BestLink  PingNodeId="RD00155D492E98" PongNodeId="RD00155D490F39" Latency="576.526"/>
				<WorstLink PingNodeId="RD00155D490F39" PongNodeId="RD00155D49300D" Latency="633.534"/>
			</LatencyInfo>
			<ThroughputInfo PacketSize="4194304" Average="34.068" StdDev="6.954" Variability="Moderate" Underperforming="true">
				<BestLink  PingNodeId="RD00155D492E98" PongNodeId="RD00155D490F39" Throughput="38.985"/>
				<WorstLink PingNodeId="RD00155D490F39" PongNodeId="RD00155D49300D" Throughput="29.151"/>
			</ThroughputInfo>
		</Node>
		<Node NodeId="RD00155D49300D" Rank="63" Name="RD00155D49300D">
			<LatencyInfo PacketSize="4" Average="609.488" StdDev="34.007" Variability="Moderate" Underperforming="true">
				<BestLink  PingNodeId="RD00155D49300D" PongNodeId="RD00155D490BA8" Latency="585.441"/>
				<WorstLink PingNodeId="RD00155D490F39" PongNodeId="RD00155D49300D" Latency="633.534"/>
			</LatencyInfo>
			<ThroughputInfo PacketSize="4194304" Average="36.621" StdDev="10.564" Variability="High" Underperforming="true">
				<BestLink  PingNodeId="RD00155D49300D" PongNodeId="RD00155D490BA8" Throughput="44.091"/>
				<WorstLink PingNodeId="RD00155D490F39" PongNodeId="RD00155D49300D" Throughput="29.151"/>
			</ThroughputInfo>
		</Node>
	</NodeDetails>

	<LinkDetails>
		<Link PingNodeId="RD00155D490BA8" PongNodeId="RD00155D493EF2">
			<PacketSize Bytes="4" Iterations="1024" Latency="468.867" Throughput="0.008" Underperforming="false"/>
			<PacketSize Bytes="4194304" Iterations="16" Latency="115362.894" Throughput="34.673" Underperforming="true"/>
		</Link>
		<Link PingNodeId="RD00155D493EF2" PongNodeId="RD00155D490DF0">
			<PacketSize Bytes="4" Iterations="1024" Latency="940.545" Throughput="0.004" Underperforming="true"/>
			<PacketSize Bytes="4194304" Iterations="16" Latency="165724.681" Throughput="24.136" Underperforming="true"/>
		</Link>
		<Link PingNodeId="RD00155D490DF0" PongNodeId="RD00155D492E9A">
			<PacketSize Bytes="4" Iterations="1024" Latency="538.532" Throughput="0.007" Underperforming="true"/>
			<PacketSize Bytes="4194304" Iterations="16" Latency="98416.959" Throughput="40.643" Underperforming="false"/>
		</Link>
		<Link PingNodeId="RD00155D492E9A" PongNodeId="RD00155D491015">
			<PacketSize Bytes="4" Iterations="1024" Latency="540.525" Throughput="0.007" Underperforming="true"/>
			<PacketSize Bytes="4194304" Iterations="16" Latency="132817.606" Throughput="30.116" Underperforming="true"/>
		</Link>
		<Link PingNodeId="RD00155D491015" PongNodeId="RD00155D49302E">
			<PacketSize Bytes="4" Iterations="1024" Latency="332.115" Throughput="0.011" Underperforming="false"/>
			<PacketSize Bytes="4194304" Iterations="16" Latency="103990.453" Throughput="38.465" Underperforming="false"/>
		</Link>
		<Link PingNodeId="RD00155D49302E" PongNodeId="RD00155D490C39">
			<PacketSize Bytes="4" Iterations="1024" Latency="362.200" Throughput="0.011" Underperforming="false"/>
			<PacketSize Bytes="4194304" Iterations="16" Latency="164533.631" Throughput="24.311" Underperforming="true"/>
		</Link>
		<Link PingNodeId="RD00155D490C39" PongNodeId="RD00155D49449D">
			<PacketSize Bytes="4" Iterations="1024" Latency="276.278" Throughput="0.014" Underperforming="false"/>
			<PacketSize Bytes="4194304" Iterations="16" Latency="64089.563" Throughput="62.413" Underperforming="false"/>
		</Link>
		<Link PingNodeId="RD00155D49449D" PongNodeId="RD00155D4920C2">
			<PacketSize Bytes="4" Iterations="1024" Latency="628.105" Throughput="0.006" Underperforming="true"/>
			<PacketSize Bytes="4194304" Iterations="16" Latency="157933.934" Throughput="25.327" Underperforming="true"/>
		</Link>
		<Link PingNodeId="RD00155D4920C2" PongNodeId="RD00155D492668">
			<PacketSize Bytes="4" Iterations="1024" Latency="360.032" Throughput="0.011" Underperforming="false"/>
			<PacketSize Bytes="4194304" Iterations="16" Latency="143999.763" Throughput="27.778" Underperforming="true"/>
		</Link>
		<Link PingNodeId="RD00155D492668" PongNodeId="RD00155D4920F4">
			<PacketSize Bytes="4" Iterations="1024" Latency="539.757" Throughput="0.007" Underperforming="true"/>
			<PacketSize Bytes="4194304" Iterations="16" Latency="109252.909" Throughput="36.612" Underperforming="true"/>
		</Link>
		<Link PingNodeId="RD00155D4920F4" PongNodeId="RD00155D494167">
			<PacketSize Bytes="4" Iterations="1024" Latency="355.879" Throughput="0.011" Underperforming="false"/>
			<PacketSize Bytes="4194304" Iterations="16" Latency="69128.806" Throughput="57.863" Underperforming="false"/>
		</Link>
		<Link PingNodeId="RD00155D494167" PongNodeId="RD00155D490071">
			<PacketSize Bytes="4" Iterations="1024" Latency="175.158" Throughput="0.022" Underperforming="false"/>
			<PacketSize Bytes="4194304" Iterations="16" Latency="56574.750" Throughput="70.703" Underperforming="false"/>
		</Link>
		<Link PingNodeId="RD00155D490071" PongNodeId="RD00155D49121D">
			<PacketSize Bytes="4" Iterations="1024" Latency="304.407" Throughput="0.013" Underperforming="false"/>
			<PacketSize Bytes="4194304" Iterations="16" Latency="108183.763" Throughput="36.974" Underperforming="false"/>
		</Link>
		<Link PingNodeId="RD00155D49121D" PongNodeId="RD00155D492682">
			<PacketSize Bytes="4" Iterations="1024" Latency="312.474" Throughput="0.012" Underperforming="false"/>
			<PacketSize Bytes="4194304" Iterations="16" Latency="81175.188" Throughput="49.276" Underperforming="false"/>
		</Link>
		<Link PingNodeId="RD00155D492682" PongNodeId="RD00155D491ECB">
			<PacketSize Bytes="4" Iterations="1024" Latency="409.444" Throughput="0.009" Underperforming="false"/>
			<PacketSize Bytes="4194304" Iterations="16" Latency="94965.137" Throughput="42.121" Underperforming="false"/>
		</Link>
		<Link PingNodeId="RD00155D491ECB" PongNodeId="RD00155D492FD6">
			<PacketSize Bytes="4" Iterations="1024" Latency="362.669" Throughput="0.011" Underperforming="false"/>
			<PacketSize Bytes="4194304" Iterations="16" Latency="103342.947" Throughput="38.706" Underperforming="false"/>
		</Link>
		<Link PingNodeId="RD00155D492FD6" PongNodeId="RD00155D49121E">
			<PacketSize Bytes="4" Iterations="1024" Latency="224.900" Throughput="0.017" Underperforming="false"/>
			<PacketSize Bytes="4194304" Iterations="16" Latency="65729.456" Throughput="60.856" Underperforming="false"/>
		</Link>
		<Link PingNodeId="RD00155D49121E" PongNodeId="RD00155D4926D8">
			<PacketSize Bytes="4" Iterations="1024" Latency="157.252" Throughput="0.024" Underperforming="false"/>
			<PacketSize Bytes="4194304" Iterations="16" Latency="73560.069" Throughput="54.377" Underperforming="false"/>
		</Link>
		<Link PingNodeId="RD00155D4926D8" PongNodeId="RD00155D49213A">
			<PacketSize Bytes="4" Iterations="1024" Latency="219.513" Throughput="0.017" Underperforming="false"/>
			<PacketSize Bytes="4194304" Iterations="16" Latency="81289.044" Throughput="49.207" Underperforming="false"/>
		</Link>
		<Link PingNodeId="RD00155D49213A" PongNodeId="RD00155D490A7F">
			<PacketSize Bytes="4" Iterations="1024" Latency="452.427" Throughput="0.008" Underperforming="false"/>
			<PacketSize Bytes="4194304" Iterations="16" Latency="62155.459" Throughput="64.355" Underperforming="false"/>
		</Link>
		<Link PingNodeId="RD00155D490A7F" PongNodeId="RD00155D492BF0">
			<PacketSize Bytes="4" Iterations="1024" Latency="202.077" Throughput="0.019" Underperforming="false"/>
			<PacketSize Bytes="4194304" Iterations="16" Latency="84258.803" Throughput="47.473" Underperforming="false"/>
		</Link>
		<Link PingNodeId="RD00155D492BF0" PongNodeId="RD00155D4926DA">
			<PacketSize Bytes="4" Iterations="1024" Latency="182.914" Throughput="0.021" Underperforming="false"/>
			<PacketSize Bytes="4194304" Iterations="16" Latency="77728.606" Throughput="51.461" Underperforming="false"/>
		</Link>
		<Link PingNodeId="RD00155D4926DA" PongNodeId="RD00155D493005">
			<PacketSize Bytes="4" Iterations="1024" Latency="170.924" Throughput="0.022" Underperforming="false"/>
			<PacketSize Bytes="4194304" Iterations="16" Latency="61953.503" Throughput="64.565" Underperforming="false"/>
		</Link>
		<Link PingNodeId="RD00155D493005" PongNodeId="RD00155D492141">
			<PacketSize Bytes="4" Iterations="1024" Latency="169.091" Throughput="0.023" Underperforming="false"/>
			<PacketSize Bytes="4194304" Iterations="16" Latency="56351.797" Throughput="70.983" Underperforming="false"/>
		</Link>
		<Link PingNodeId="RD00155D492141" PongNodeId="RD00155D494375">
			<PacketSize Bytes="4" Iterations="1024" Latency="296.839" Throughput="0.013" Underperforming="false"/>
			<PacketSize Bytes="4194304" Iterations="16" Latency="77382.059" Throughput="51.692" Underperforming="false"/>
		</Link>
		<Link PingNodeId="RD00155D494375" PongNodeId="RD00155D490074">
			<PacketSize Bytes="4" Iterations="1024" Latency="230.294" Throughput="0.017" Underperforming="false"/>
			<PacketSize Bytes="4194304" Iterations="16" Latency="53355.909" Throughput="74.968" Underperforming="false"/>
		</Link>
		<Link PingNodeId="RD00155D490074" PongNodeId="RD00155D492E9D">
			<PacketSize Bytes="4" Iterations="1024" Latency="156.682" Throughput="0.024" Underperforming="false"/>
			<PacketSize Bytes="4194304" Iterations="16" Latency="51571.381" Throughput="77.562" Underperforming="false"/>
		</Link>
		<Link PingNodeId="RD00155D492E9D" PongNodeId="RD00155D493B80">
			<PacketSize Bytes="4" Iterations="1024" Latency="152.167" Throughput="0.025" Underperforming="false"/>
			<PacketSize Bytes="4194304" Iterations="16" Latency="59899.863" Throughput="66.778" Underperforming="false"/>
		</Link>
		<Link PingNodeId="RD00155D493B80" PongNodeId="RD00155D49269D">
			<PacketSize Bytes="4" Iterations="1024" Latency="131.574" Throughput="0.029" Underperforming="false"/>
			<PacketSize Bytes="4194304" Iterations="16" Latency="72630.297" Throughput="55.073" Underperforming="false"/>
		</Link>
		<Link PingNodeId="RD00155D49269D" PongNodeId="RD00155D491EFB">
			<PacketSize Bytes="4" Iterations="1024" Latency="292.159" Throughput="0.013" Underperforming="false"/>
			<PacketSize Bytes="4194304" Iterations="16" Latency="78276.472" Throughput="51.101" Underperforming="false"/>
		</Link>
		<Link PingNodeId="RD00155D491EFB" PongNodeId="RD00155D494697">
			<PacketSize Bytes="4" Iterations="1024" Latency="411.744" Throughput="0.009" Underperforming="false"/>
			<PacketSize Bytes="4194304" Iterations="16" Latency="82397.519" Throughput="48.545" Underperforming="false"/>
		</Link>
		<Link PingNodeId="RD00155D494697" PongNodeId="RD00155D49121F">
			<PacketSize Bytes="4" Iterations="1024" Latency="161.699" Throughput="0.024" Underperforming="false"/>
			<PacketSize Bytes="4194304" Iterations="16" Latency="72933.000" Throughput="54.845" Underperforming="false"/>
		</Link>
		<Link PingNodeId="RD00155D49121F" PongNodeId="RD00155D4926D9">
			<PacketSize Bytes="4" Iterations="1024" Latency="138.561" Throughput="0.028" Underperforming="false"/>
			<PacketSize Bytes="4194304" Iterations="16" Latency="54504.303" Throughput="73.389" Underperforming="false"/>
		</Link>
		<Link PingNodeId="RD00155D4926D9" PongNodeId="RD00155D490D5C">
			<PacketSize Bytes="4" Iterations="1024" Latency="227.015" Throughput="0.017" Underperforming="false"/>
			<PacketSize Bytes="4194304" Iterations="16" Latency="99637.000" Throughput="40.146" Underperforming="false"/>
		</Link>
		<Link PingNodeId="RD00155D490D5C" PongNodeId="RD00155D49154D">
			<PacketSize Bytes="4" Iterations="1024" Latency="279.483" Throughput="0.014" Underperforming="false"/>
			<PacketSize Bytes="4194304" Iterations="16" Latency="114293.194" Throughput="34.998" Underperforming="true"/>
		</Link>
		<Link PingNodeId="RD00155D49154D" PongNodeId="RD00155D49437A">
			<PacketSize Bytes="4" Iterations="1024" Latency="190.364" Throughput="0.020" Underperforming="false"/>
			<PacketSize Bytes="4194304" Iterations="16" Latency="61795.463" Throughput="64.730" Underperforming="false"/>
		</Link>
		<Link PingNodeId="RD00155D49437A" PongNodeId="RD00155D49245F">
			<PacketSize Bytes="4" Iterations="1024" Latency="265.089" Throughput="0.014" Underperforming="false"/>
			<PacketSize Bytes="4194304" Iterations="16" Latency="73243.475" Throughput="54.612" Underperforming="false"/>
		</Link>
		<Link PingNodeId="RD00155D49245F" PongNodeId="RD00155D4946DF">
			<PacketSize Bytes="4" Iterations="1024" Latency="249.231" Throughput="0.015" Underperforming="false"/>
			<PacketSize Bytes="4194304" Iterations="16" Latency="66292.819" Throughput="60.338" Underperforming="false"/>
		</Link>
		<Link PingNodeId="RD00155D4946DF" PongNodeId="RD00155D4931C4">
			<PacketSize Bytes="4" Iterations="1024" Latency="266.112" Throughput="0.014" Underperforming="false"/>
			<PacketSize Bytes="4194304" Iterations="16" Latency="75739.703" Throughput="52.812" Underperforming="false"/>
		</Link>
		<Link PingNodeId="RD00155D4931C4" PongNodeId="RD00155D494377">
			<PacketSize Bytes="4" Iterations="1024" Latency="530.020" Throughput="0.007" Underperforming="true"/>
			<PacketSize Bytes="4194304" Iterations="16" Latency="93302.403" Throughput="42.871" Underperforming="false"/>
		</Link>
		<Link PingNodeId="RD00155D494377" PongNodeId="RD00155D492BF5">
			<PacketSize Bytes="4" Iterations="1024" Latency="313.815" Throughput="0.012" Underperforming="false"/>
			<PacketSize Bytes="4194304" Iterations="16" Latency="80695.006" Throughput="49.569" Underperforming="false"/>
		</Link>
		<Link PingNodeId="RD00155D492BF5" PongNodeId="RD00155D493F38">
			<PacketSize Bytes="4" Iterations="1024" Latency="384.561" Throughput="0.010" Underperforming="false"/>
			<PacketSize Bytes="4194304" Iterations="16" Latency="55656.684" Throughput="71.869" Underperforming="false"/>
		</Link>
		<Link PingNodeId="RD00155D493F38" PongNodeId="RD00155D493B9D">
			<PacketSize Bytes="4" Iterations="1024" Latency="506.265" Throughput="0.008" Underperforming="true"/>
			<PacketSize Bytes="4194304" Iterations="16" Latency="78125.519" Throughput="51.200" Underperforming="false"/>
		</Link>
		<Link PingNodeId="RD00155D493B9D" PongNodeId="RD00155D4926C3">
			<PacketSize Bytes="4" Iterations="1024" Latency="199.637" Throughput="0.019" Underperforming="false"/>
			<PacketSize Bytes="4194304" Iterations="16" Latency="59558.663" Throughput="67.161" Underperforming="false"/>
		</Link>
		<Link PingNodeId="RD00155D4926C3" PongNodeId="RD00155D493006">
			<PacketSize Bytes="4" Iterations="1024" Latency="209.711" Throughput="0.018" Underperforming="false"/>
			<PacketSize Bytes="4194304" Iterations="16" Latency="64618.875" Throughput="61.901" Underperforming="false"/>
		</Link>
		<Link PingNodeId="RD00155D493006" PongNodeId="RD00155D4939B9">
			<PacketSize Bytes="4" Iterations="1024" Latency="263.204" Throughput="0.014" Underperforming="false"/>
			<PacketSize Bytes="4194304" Iterations="16" Latency="80348.087" Throughput="49.783" Underperforming="false"/>
		</Link>
		<Link PingNodeId="RD00155D4939B9" PongNodeId="RD00155D490A82">
			<PacketSize Bytes="4" Iterations="1024" Latency="334.589" Throughput="0.011" Underperforming="false"/>
			<PacketSize Bytes="4194304" Iterations="16" Latency="84849.988" Throughput="47.142" Underperforming="false"/>
		</Link>
		<Link PingNodeId="RD00155D490A82" PongNodeId="RD00155D493B9E">
			<PacketSize Bytes="4" Iterations="1024" Latency="279.151" Throughput="0.014" Underperforming="false"/>
			<PacketSize Bytes="4194304" Iterations="16" Latency="68732.231" Throughput="58.197" Underperforming="false"/>
		</Link>
		<Link PingNodeId="RD00155D493B9E" PongNodeId="RD00155D4926D7">
			<PacketSize Bytes="4" Iterations="1024" Latency="181.936" Throughput="0.021" Underperforming="false"/>
			<PacketSize Bytes="4194304" Iterations="16" Latency="71709.162" Throughput="55.781" Underperforming="false"/>
		</Link>
		<Link PingNodeId="RD00155D4926D7" PongNodeId="RD00155D491554">
			<PacketSize Bytes="4" Iterations="1024" Latency="175.332" Throughput="0.022" Underperforming="false"/>
			<PacketSize Bytes="4194304" Iterations="16" Latency="62893.053" Throughput="63.600" Underperforming="false"/>
		</Link>
		<Link PingNodeId="RD00155D491554" PongNodeId="RD00155D493030">
			<PacketSize Bytes="4" Iterations="1024" Latency="180.196" Throughput="0.021" Underperforming="false"/>
			<PacketSize Bytes="4194304" Iterations="16" Latency="72031.144" Throughput="55.532" Underperforming="false"/>
		</Link>
		<Link PingNodeId="RD00155D493030" PongNodeId="RD00155D492146">
			<PacketSize Bytes="4" Iterations="1024" Latency="203.310" Throughput="0.019" Underperforming="false"/>
			<PacketSize Bytes="4194304" Iterations="16" Latency="54957.172" Throughput="72.784" Underperforming="false"/>
		</Link>
		<Link PingNodeId="RD00155D492146" PongNodeId="RD00155D4926DB">
			<PacketSize Bytes="4" Iterations="1024" Latency="343.966" Throughput="0.011" Underperforming="false"/>
			<PacketSize Bytes="4194304" Iterations="16" Latency="83461.678" Throughput="47.926" Underperforming="false"/>
		</Link>
		<Link PingNodeId="RD00155D4926DB" PongNodeId="RD00155D491555">
			<PacketSize Bytes="4" Iterations="1024" Latency="262.357" Throughput="0.015" Underperforming="false"/>
			<PacketSize Bytes="4194304" Iterations="16" Latency="78060.578" Throughput="51.242" Underperforming="false"/>
		</Link>
		<Link PingNodeId="RD00155D491555" PongNodeId="RD00155D494378">
			<PacketSize Bytes="4" Iterations="1024" Latency="203.842" Throughput="0.019" Underperforming="false"/>
			<PacketSize Bytes="4194304" Iterations="16" Latency="106601.556" Throughput="37.523" Underperforming="false"/>
		</Link>
		<Link PingNodeId="RD00155D494378" PongNodeId="RD00155D490DE0">
			<PacketSize Bytes="4" Iterations="1024" Latency="313.223" Throughput="0.012" Underperforming="false"/>
			<PacketSize Bytes="4194304" Iterations="16" Latency="91888.994" Throughput="43.531" Underperforming="false"/>
		</Link>
		<Link PingNodeId="RD00155D490DE0" PongNodeId="RD00155D49214A">
			<PacketSize Bytes="4" Iterations="1024" Latency="228.697" Throughput="0.017" Underperforming="false"/>
			<PacketSize Bytes="4194304" Iterations="16" Latency="107949.666" Throughput="37.054" Underperforming="false"/>
		</Link>
		<Link PingNodeId="RD00155D49214A" PongNodeId="RD00155D4926DC">
			<PacketSize Bytes="4" Iterations="1024" Latency="268.821" Throughput="0.014" Underperforming="false"/>
			<PacketSize Bytes="4194304" Iterations="16" Latency="72320.194" Throughput="55.310" Underperforming="false"/>
		</Link>
		<Link PingNodeId="RD00155D4926DC" PongNodeId="RD00155D493744">
			<PacketSize Bytes="4" Iterations="1024" Latency="270.246" Throughput="0.014" Underperforming="false"/>
			<PacketSize Bytes="4194304" Iterations="16" Latency="61630.206" Throughput="64.903" Underperforming="false"/>
		</Link>
		<Link PingNodeId="RD00155D493744" PongNodeId="RD00155D494379">
			<PacketSize Bytes="4" Iterations="1024" Latency="345.266" Throughput="0.011" Underperforming="false"/>
			<PacketSize Bytes="4194304" Iterations="16" Latency="93091.994" Throughput="42.968" Underperforming="false"/>
		</Link>
		<Link PingNodeId="RD00155D494379" PongNodeId="RD00155D492E98">
			<PacketSize Bytes="4" Iterations="1024" Latency="442.665" Throughput="0.009" Underperforming="false"/>
			<PacketSize Bytes="4194304" Iterations="16" Latency="149622.419" Throughput="26.734" Underperforming="true"/>
		</Link>
		<Link PingNodeId="RD00155D492E98" PongNodeId="RD00155D490F39">
			<PacketSize Bytes="4" Iterations="1024" Latency="576.526" Throughput="0.007" Underperforming="true"/>
			<PacketSize Bytes="4194304" Iterations="16" Latency="102603.159" Throughput="38.985" Underperforming="false"/>
		</Link>
		<Link PingNodeId="RD00155D490F39" PongNodeId="RD00155D49300D">
			<PacketSize Bytes="4" Iterations="1024" Latency="633.534" Throughput="0.006" Underperforming="true"/>
			<PacketSize Bytes="4194304" Iterations="16" Latency="137216.809" Throughput="29.151" Underperforming="true"/>
		</Link>
		<Link PingNodeId="RD00155D49300D" PongNodeId="RD00155D490BA8">
			<PacketSize Bytes="4" Iterations="1024" Latency="585.441" Throughput="0.007" Underperforming="true"/>
			<PacketSize Bytes="4194304" Iterations="16" Latency="90722.103" Throughput="44.091" Underperforming="false"/>
		</Link>
	</LinkDetails>

</MpiPingPongResults>
