<?xml version="1.0" encoding="utf-8"?>
<MpiPingPongResults 
	xmlns:xsi="http://www.w3.org/2001/XMLSchema-instance" 
	xmlns:xsd="http://www.w3.org/2001/XMLSchema" 
	xmlns="http://schemas.microsoft.com/MpiPingPongResults/2008/5">

	<TestOverview>
		<TestType>MPI Ping-Pong: Serial Ring L&amp;T Test</TestType>
		<NumberOfNodes>4</NumberOfNodes>
		<Duration>
			<StartTime>2014-04-03T07:39:39+00:00</StartTime>
			<EndTime>2014-04-03T07:39:39+00:00</EndTime>
			<ElapsedSeconds>0.726</ElapsedSeconds>
		</Duration>
		<Units>
			<PacketSize>Bytes</PacketSize>
			<Latency>Microseconds</Latency>
			<Throughput>MB/second</Throughput>
		</Units>
	</TestOverview>

	<Summary>
		<LatencyInfo PacketSize="4" Average="2.896" StdDev="0.223" Variability="Moderate">
			<Iterations Average="1024.000" StdDev="0.000"/>
			<BestLink  PingNodeId="RD00155D87408E" PongNodeId="RD00155D8738BC" Latency="2.692"/>
			<WorstLink PingNodeId="RD00155D87409A" PongNodeId="RD00155D874255" Latency="3.120"/>
			<LinkHistogram>
				<Bin LowerBound="2.692" UpperBound="2.906" Count="2"/>
				<Bin LowerBound="2.906" UpperBound="3.120" Count="2"/>
			</LinkHistogram>
			<BestNode  NodeId="RD00155D8738BC" Average="2.705" StdDev="0.018"/>
			<WorstNode NodeId="RD00155D874255" Average="3.087" StdDev="0.047"/>
		</LatencyInfo>
		<ThroughputInfo PacketSize="4194304" Average="3643.685" StdDev="4.031" Variability="Low">
			<Iterations Average="16.000" StdDev="0.000"/>
			<BestLink  PingNodeId="RD00155D874255" PongNodeId="RD00155D87408E" Throughput="3646.225"/>
			<WorstLink PingNodeId="RD00155D8738BC" PongNodeId="RD00155D87409A" Throughput="3637.666"/>
			<LinkHistogram>
				<Bin LowerBound="3637.666" UpperBound="3641.945" Count="1"/>
				<Bin LowerBound="3641.945" UpperBound="3646.225" Count="3"/>
			</LinkHistogram>
			<BestNode  NodeId="RD00155D874255" Average="3645.846" StdDev="0.536"/>
			<WorstNode NodeId="RD00155D8738BC" Average="3641.525" StdDev="5.458"/>
		</ThroughputInfo>
	</Summary>

	<NodeDetails>
		<Node NodeId="RD00155D87408E" Rank="0" Name="RD00155D87408E">
			<LatencyInfo PacketSize="4" Average="2.873" StdDev="0.256" Variability="Moderate" Underperforming="false">
				<BestLink  PingNodeId="RD00155D87408E" PongNodeId="RD00155D8738BC" Latency="2.692"/>
				<WorstLink PingNodeId="RD00155D874255" PongNodeId="RD00155D87408E" Latency="3.053"/>
			</LatencyInfo>
			<ThroughputInfo PacketSize="4194304" Average="3645.804" StdDev="0.595" Variability="Low" Underperforming="false">
				<BestLink  PingNodeId="RD00155D874255" PongNodeId="RD00155D87408E" Throughput="3646.225"/>
				<WorstLink PingNodeId="RD00155D87408E" PongNodeId="RD00155D8738BC" Throughput="3645.384"/>
			</ThroughputInfo>
		</Node>
		<Node NodeId="RD00155D8738BC" Rank="1" Name="RD00155D8738BC">
			<LatencyInfo PacketSize="4" Average="2.705" StdDev="0.018" Variability="Low" Underperforming="false">
				<BestLink  PingNodeId="RD00155D87408E" PongNodeId="RD00155D8738BC" Latency="2.692"/>
				<WorstLink PingNodeId="RD00155D8738BC" PongNodeId="RD00155D87409A" Latency="2.717"/>
			</LatencyInfo>
			<ThroughputInfo PacketSize="4194304" Average="3641.525" StdDev="5.458" Variability="Low" Underperforming="false">
				<BestLink  PingNodeId="RD00155D87408E" PongNodeId="RD00155D8738BC" Throughput="3645.384"/>
				<WorstLink PingNodeId="RD00155D8738BC" PongNodeId="RD00155D87409A" Throughput="3637.666"/>
			</ThroughputInfo>
		</Node>
		<Node NodeId="RD00155D87409A" Rank="2" Name="RD00155D87409A">
			<LatencyInfo PacketSize="4" Average="2.919" StdDev="0.285" Variability="Moderate" Underperforming="false">
				<BestLink  PingNodeId="RD00155D8738BC" PongNodeId="RD00155D87409A" Latency="2.717"/>
				<WorstLink PingNodeId="RD00155D87409A" PongNodeId="RD00155D874255" Latency="3.120"/>
			</LatencyInfo>
			<ThroughputInfo PacketSize="4194304" Average="3641.566" StdDev="5.516" Variability="Low" Underperforming="false">
				<BestLink  PingNodeId="RD00155D87409A" PongNodeId="RD00155D874255" Throughput="3645.467"/>
				<WorstLink PingNodeId="RD00155D8738BC" PongNodeId="RD00155D87409A" Throughput="3637.666"/>
			</ThroughputInfo>
		</Node>
		<Node NodeId="RD00155D874255" Rank="3" Name="RD00155D874255">
			<LatencyInfo PacketSize="4" Average="3.087" StdDev="0.047" Variability="Low" Underperforming="false">
				<BestLink  PingNodeId="RD00155D874255" PongNodeId="RD00155D87408E" Latency="3.053"/>
				<WorstLink PingNodeId="RD00155D87409A" PongNodeId="RD00155D874255" Latency="3.120"/>
			</LatencyInfo>
			<ThroughputInfo PacketSize="4194304" Average="3645.846" StdDev="0.536" Variability="Low" Underperforming="false">
				<BestLink  PingNodeId="RD00155D874255" PongNodeId="RD00155D87408E" Throughput="3646.225"/>
				<WorstLink PingNodeId="RD00155D87409A" PongNodeId="RD00155D874255" Throughput="3645.467"/>
			</ThroughputInfo>
		</Node>
	</NodeDetails>

	<LinkDetails>
		<Link PingNodeId="RD00155D87408E" PongNodeId="RD00155D8738BC">
			<PacketSize Bytes="4" Iterations="1024" Latency="2.692" Throughput="1.417" Underperforming="false"/>
			<PacketSize Bytes="4194304" Iterations="16" Latency="1097.278" Throughput="3645.384" Underperforming="false"/>
		</Link>
		<Link PingNodeId="RD00155D8738BC" PongNodeId="RD00155D87409A">
			<PacketSize Bytes="4" Iterations="1024" Latency="2.717" Throughput="1.404" Underperforming="false"/>
			<PacketSize Bytes="4194304" Iterations="16" Latency="1099.606" Throughput="3637.666" Underperforming="false"/>
		</Link>
		<Link PingNodeId="RD00155D87409A" PongNodeId="RD00155D874255">
			<PacketSize Bytes="4" Iterations="1024" Latency="3.120" Throughput="1.222" Underperforming="false"/>
			<PacketSize Bytes="4194304" Iterations="16" Latency="1097.253" Throughput="3645.467" Underperforming="false"/>
		</Link>
		<Link PingNodeId="RD00155D874255" PongNodeId="RD00155D87408E">
			<PacketSize Bytes="4" Iterations="1024" Latency="3.053" Throughput="1.249" Underperforming="false"/>
			<PacketSize Bytes="4194304" Iterations="16" Latency="1097.025" Throughput="3646.225" Underperforming="false"/>
		</Link>
	</LinkDetails>

</MpiPingPongResults>
