<?xml version="1.0" encoding="utf-8"?>
<MpiPingPongResults 
	xmlns:xsi="http://www.w3.org/2001/XMLSchema-instance" 
	xmlns:xsd="http://www.w3.org/2001/XMLSchema" 
	xmlns="http://schemas.microsoft.com/MpiPingPongResults/2008/5">

	<TestOverview>
		<TestType>MPI Ping-Pong: Serial Ring L&amp;T Test</TestType>
		<NumberOfNodes>2</NumberOfNodes>
		<Duration>
			<StartTime>2014-04-02T13:14:54+00:00</StartTime>
			<EndTime>2014-04-02T13:15:02+00:00</EndTime>
			<ElapsedSeconds>7.846</ElapsedSeconds>
		</Duration>
		<Units>
			<PacketSize>Bytes</PacketSize>
			<Latency>Microseconds</Latency>
			<Throughput>MB/second</Throughput>
		</Units>
	</TestOverview>

	<Summary>
		<LatencyInfo PacketSize="4" Average="257.075" StdDev="17.184" Variability="Moderate">
			<Iterations Average="1024.000" StdDev="0.000"/>
			<BestLink  PingNodeId="RD00155D491EE2" PongNodeId="RD00155D493050" Latency="244.924"/>
			<WorstLink PingNodeId="RD00155D493050" PongNodeId="RD00155D491EE2" Latency="269.226"/>
			<BestNode  NodeId="RD00155D493050" Average="257.075" StdDev="17.184"/>
			<WorstNode NodeId="RD00155D493050" Average="257.075" StdDev="17.184"/>
		</LatencyInfo>
		<ThroughputInfo PacketSize="4194304" Average="75.436" StdDev="0.049" Variability="Low">
			<Iterations Average="16.000" StdDev="0.000"/>
			<BestLink  PingNodeId="RD00155D493050" PongNodeId="RD00155D491EE2" Throughput="75.471"/>
			<WorstLink PingNodeId="RD00155D491EE2" PongNodeId="RD00155D493050" Throughput="75.401"/>
			<BestNode  NodeId="RD00155D493050" Average="75.436" StdDev="0.049"/>
			<WorstNode NodeId="RD00155D493050" Average="75.436" StdDev="0.049"/>
		</ThroughputInfo>
	</Summary>

	<NodeDetails>
		<Node NodeId="RD00155D493050" Rank="0" Name="RD00155D493050">
			<LatencyInfo PacketSize="4" Average="257.075" StdDev="17.184" Variability="Moderate" Underperforming="false">
				<BestLink  PingNodeId="RD00155D491EE2" PongNodeId="RD00155D493050" Latency="244.924"/>
				<WorstLink PingNodeId="RD00155D493050" PongNodeId="RD00155D491EE2" Latency="269.226"/>
			</LatencyInfo>
			<ThroughputInfo PacketSize="4194304" Average="75.436" StdDev="0.049" Variability="Low" Underperforming="false">
				<BestLink  PingNodeId="RD00155D493050" PongNodeId="RD00155D491EE2" Throughput="75.471"/>
				<WorstLink PingNodeId="RD00155D491EE2" PongNodeId="RD00155D493050" Throughput="75.401"/>
			</ThroughputInfo>
		</Node>
		<Node NodeId="RD00155D491EE2" Rank="1" Name="RD00155D491EE2">
			<LatencyInfo PacketSize="4" Average="257.075" StdDev="17.184" Variability="Moderate" Underperforming="false">
				<BestLink  PingNodeId="RD00155D491EE2" PongNodeId="RD00155D493050" Latency="244.924"/>
				<WorstLink PingNodeId="RD00155D493050" PongNodeId="RD00155D491EE2" Latency="269.226"/>
			</LatencyInfo>
			<ThroughputInfo PacketSize="4194304" Average="75.436" StdDev="0.049" Variability="Low" Underperforming="false">
				<BestLink  PingNodeId="RD00155D493050" PongNodeId="RD00155D491EE2" Throughput="75.471"/>
				<WorstLink PingNodeId="RD00155D491EE2" PongNodeId="RD00155D493050" Throughput="75.401"/>
			</ThroughputInfo>
		</Node>
	</NodeDetails>

	<LinkDetails>
		<Link PingNodeId="RD00155D493050" PongNodeId="RD00155D491EE2">
			<PacketSize Bytes="4" Iterations="1024" Latency="269.226" Throughput="0.014" Underperforming="false"/>
			<PacketSize Bytes="4194304" Iterations="16" Latency="53000.766" Throughput="75.471" Underperforming="false"/>
		</Link>
		<Link PingNodeId="RD00155D491EE2" PongNodeId="RD00155D493050">
			<PacketSize Bytes="4" Iterations="1024" Latency="244.924" Throughput="0.016" Underperforming="false"/>
			<PacketSize Bytes="4194304" Iterations="16" Latency="53049.722" Throughput="75.401" Underperforming="false"/>
		</Link>
	</LinkDetails>

</MpiPingPongResults>
