<?xml version="1.0" encoding="utf-8"?>
<MpiPingPongResults 
	xmlns:xsi="http://www.w3.org/2001/XMLSchema-instance" 
	xmlns:xsd="http://www.w3.org/2001/XMLSchema" 
	xmlns="http://schemas.microsoft.com/MpiPingPongResults/2008/5">

	<TestOverview>
		<TestType>MPI Ping-Pong: Serial Ring L&amp;T Test</TestType>
		<NumberOfNodes>8</NumberOfNodes>
		<Duration>
			<StartTime>2014-04-03T08:05:19+00:00</StartTime>
			<EndTime>2014-04-03T08:05:20+00:00</EndTime>
			<ElapsedSeconds>0.896</ElapsedSeconds>
		</Duration>
		<Units>
			<PacketSize>Bytes</PacketSize>
			<Latency>Microseconds</Latency>
			<Throughput>MB/second</Throughput>
		</Units>
	</TestOverview>

	<Summary>
		<LatencyInfo PacketSize="4" Average="3.065" StdDev="0.248" Variability="Moderate">
			<Iterations Average="1024.000" StdDev="0.000"/>
			<BestLink  PingNodeId="RD00155D87408E" PongNodeId="RD00155D8738BC" Latency="2.700"/>
			<WorstLink PingNodeId="RD00155D873A7E" PongNodeId="RD00155D8738C0" Latency="3.356"/>
			<LinkHistogram>
				<Bin LowerBound="2.700" UpperBound="2.919" Count="2"/>
				<Bin LowerBound="2.919" UpperBound="3.138" Count="3"/>
				<Bin LowerBound="3.138" UpperBound="3.356" Count="3"/>
			</LinkHistogram>
			<BestNode  NodeId="RD00155D8738BC" Average="2.706" StdDev="0.008"/>
			<WorstNode NodeId="RD00155D873A7E" Average="3.250" StdDev="0.150"/>
		</LatencyInfo>
		<ThroughputInfo PacketSize="4194304" Average="3642.621" StdDev="5.984" Variability="Low">
			<Iterations Average="16.000" StdDev="0.000"/>
			<BestLink  PingNodeId="RD00155D8738BC" PongNodeId="RD00155D87409A" Throughput="3650.249"/>
			<WorstLink PingNodeId="RD00155D873A7E" PongNodeId="RD00155D8738C0" Throughput="3629.774"/>
			<LinkHistogram>
				<Bin LowerBound="3629.774" UpperBound="3636.599" Count="1"/>
				<Bin LowerBound="3636.599" UpperBound="3643.424" Count="3"/>
				<Bin LowerBound="3643.424" UpperBound="3650.249" Count="4"/>
			</LinkHistogram>
			<BestNode  NodeId="RD00155D8738BC" Average="3648.554" StdDev="2.397"/>
			<WorstNode NodeId="RD00155D8738C0" Average="3635.712" StdDev="8.398"/>
		</ThroughputInfo>
	</Summary>

	<NodeDetails>
		<Node NodeId="RD00155D87408E" Rank="0" Name="RD00155D87408E">
			<LatencyInfo PacketSize="4" Average="2.912" StdDev="0.299" Variability="Moderate" Underperforming="false">
				<BestLink  PingNodeId="RD00155D87408E" PongNodeId="RD00155D8738BC" Latency="2.700"/>
				<WorstLink PingNodeId="RD00155D8738C0" PongNodeId="RD00155D87408E" Latency="3.123"/>
			</LatencyInfo>
			<ThroughputInfo PacketSize="4194304" Average="3644.254" StdDev="3.683" Variability="Low" Underperforming="false">
				<BestLink  PingNodeId="RD00155D87408E" PongNodeId="RD00155D8738BC" Throughput="3646.859"/>
				<WorstLink PingNodeId="RD00155D8738C0" PongNodeId="RD00155D87408E" Throughput="3641.650"/>
			</ThroughputInfo>
		</Node>
		<Node NodeId="RD00155D8738BC" Rank="1" Name="RD00155D8738BC">
			<LatencyInfo PacketSize="4" Average="2.706" StdDev="0.008" Variability="Low" Underperforming="false">
				<BestLink  PingNodeId="RD00155D87408E" PongNodeId="RD00155D8738BC" Latency="2.700"/>
				<WorstLink PingNodeId="RD00155D8738BC" PongNodeId="RD00155D87409A" Latency="2.712"/>
			</LatencyInfo>
			<ThroughputInfo PacketSize="4194304" Average="3648.554" StdDev="2.397" Variability="Low" Underperforming="false">
				<BestLink  PingNodeId="RD00155D8738BC" PongNodeId="RD00155D87409A" Throughput="3650.249"/>
				<WorstLink PingNodeId="RD00155D87408E" PongNodeId="RD00155D8738BC" Throughput="3646.859"/>
			</ThroughputInfo>
		</Node>
		<Node NodeId="RD00155D87409A" Rank="2" Name="RD00155D87409A">
			<LatencyInfo PacketSize="4" Average="3.029" StdDev="0.449" Variability="Moderate" Underperforming="false">
				<BestLink  PingNodeId="RD00155D8738BC" PongNodeId="RD00155D87409A" Latency="2.712"/>
				<WorstLink PingNodeId="RD00155D87409A" PongNodeId="RD00155D874255" Latency="3.346"/>
			</LatencyInfo>
			<ThroughputInfo PacketSize="4194304" Average="3647.650" StdDev="3.675" Variability="Low" Underperforming="false">
				<BestLink  PingNodeId="RD00155D8738BC" PongNodeId="RD00155D87409A" Throughput="3650.249"/>
				<WorstLink PingNodeId="RD00155D87409A" PongNodeId="RD00155D874255" Throughput="3645.052"/>
			</ThroughputInfo>
		</Node>
		<Node NodeId="RD00155D874255" Rank="3" Name="RD00155D874255">
			<LatencyInfo PacketSize="4" Average="3.212" StdDev="0.189" Variability="Moderate" Underperforming="false">
				<BestLink  PingNodeId="RD00155D874255" PongNodeId="RD00155D874331" Latency="3.079"/>
				<WorstLink PingNodeId="RD00155D87409A" PongNodeId="RD00155D874255" Latency="3.346"/>
			</LatencyInfo>
			<ThroughputInfo PacketSize="4194304" Average="3643.724" StdDev="1.878" Variability="Low" Underperforming="false">
				<BestLink  PingNodeId="RD00155D87409A" PongNodeId="RD00155D874255" Throughput="3645.052"/>
				<WorstLink PingNodeId="RD00155D874255" PongNodeId="RD00155D874331" Throughput="3642.396"/>
			</ThroughputInfo>
		</Node>
		<Node NodeId="RD00155D874331" Rank="4" Name="RD00155D874331">
			<LatencyInfo PacketSize="4" Average="3.068" StdDev="0.015" Variability="Low" Underperforming="false">
				<BestLink  PingNodeId="RD00155D874331" PongNodeId="RD00155D873DF7" Latency="3.058"/>
				<WorstLink PingNodeId="RD00155D874255" PongNodeId="RD00155D874331" Latency="3.079"/>
			</LatencyInfo>
			<ThroughputInfo PacketSize="4194304" Average="3641.883" StdDev="0.725" Variability="Low" Underperforming="false">
				<BestLink  PingNodeId="RD00155D874255" PongNodeId="RD00155D874331" Throughput="3642.396"/>
				<WorstLink PingNodeId="RD00155D874331" PongNodeId="RD00155D873DF7" Throughput="3641.371"/>
			</ThroughputInfo>
		</Node>
		<Node NodeId="RD00155D873DF7" Rank="5" Name="RD00155D873DF7">
			<LatencyInfo PacketSize="4" Average="3.101" StdDev="0.061" Variability="Low" Underperforming="false">
				<BestLink  PingNodeId="RD00155D874331" PongNodeId="RD00155D873DF7" Latency="3.058"/>
				<WorstLink PingNodeId="RD00155D873DF7" PongNodeId="RD00155D873A7E" Latency="3.144"/>
			</LatencyInfo>
			<ThroughputInfo PacketSize="4194304" Average="3642.495" StdDev="1.590" Variability="Low" Underperforming="false">
				<BestLink  PingNodeId="RD00155D873DF7" PongNodeId="RD00155D873A7E" Throughput="3643.620"/>
				<WorstLink PingNodeId="RD00155D874331" PongNodeId="RD00155D873DF7" Throughput="3641.371"/>
			</ThroughputInfo>
		</Node>
		<Node NodeId="RD00155D873A7E" Rank="6" Name="RD00155D873A7E">
			<LatencyInfo PacketSize="4" Average="3.250" StdDev="0.150" Variability="Low" Underperforming="false">
				<BestLink  PingNodeId="RD00155D873DF7" PongNodeId="RD00155D873A7E" Latency="3.144"/>
				<WorstLink PingNodeId="RD00155D873A7E" PongNodeId="RD00155D8738C0" Latency="3.356"/>
			</LatencyInfo>
			<ThroughputInfo PacketSize="4194304" Average="3636.697" StdDev="9.790" Variability="Low" Underperforming="false">
				<BestLink  PingNodeId="RD00155D873DF7" PongNodeId="RD00155D873A7E" Throughput="3643.620"/>
				<WorstLink PingNodeId="RD00155D873A7E" PongNodeId="RD00155D8738C0" Throughput="3629.774"/>
			</ThroughputInfo>
		</Node>
		<Node NodeId="RD00155D8738C0" Rank="7" Name="RD00155D8738C0">
			<LatencyInfo PacketSize="4" Average="3.240" StdDev="0.165" Variability="Moderate" Underperforming="false">
				<BestLink  PingNodeId="RD00155D8738C0" PongNodeId="RD00155D87408E" Latency="3.123"/>
				<WorstLink PingNodeId="RD00155D873A7E" PongNodeId="RD00155D8738C0" Latency="3.356"/>
			</LatencyInfo>
			<ThroughputInfo PacketSize="4194304" Average="3635.712" StdDev="8.398" Variability="Low" Underperforming="false">
				<BestLink  PingNodeId="RD00155D8738C0" PongNodeId="RD00155D87408E" Throughput="3641.650"/>
				<WorstLink PingNodeId="RD00155D873A7E" PongNodeId="RD00155D8738C0" Throughput="3629.774"/>
			</ThroughputInfo>
		</Node>
	</NodeDetails>

	<LinkDetails>
		<Link PingNodeId="RD00155D87408E" PongNodeId="RD00155D8738BC">
			<PacketSize Bytes="4" Iterations="1024" Latency="2.700" Throughput="1.413" Underperforming="false"/>
			<PacketSize Bytes="4194304" Iterations="16" Latency="1096.834" Throughput="3646.859" Underperforming="false"/>
		</Link>
		<Link PingNodeId="RD00155D8738BC" PongNodeId="RD00155D87409A">
			<PacketSize Bytes="4" Iterations="1024" Latency="2.712" Throughput="1.407" Underperforming="false"/>
			<PacketSize Bytes="4194304" Iterations="16" Latency="1095.816" Throughput="3650.249" Underperforming="false"/>
		</Link>
		<Link PingNodeId="RD00155D87409A" PongNodeId="RD00155D874255">
			<PacketSize Bytes="4" Iterations="1024" Latency="3.346" Throughput="1.140" Underperforming="false"/>
			<PacketSize Bytes="4194304" Iterations="16" Latency="1097.378" Throughput="3645.052" Underperforming="false"/>
		</Link>
		<Link PingNodeId="RD00155D874255" PongNodeId="RD00155D874331">
			<PacketSize Bytes="4" Iterations="1024" Latency="3.079" Throughput="1.239" Underperforming="false"/>
			<PacketSize Bytes="4194304" Iterations="16" Latency="1098.178" Throughput="3642.396" Underperforming="false"/>
		</Link>
		<Link PingNodeId="RD00155D874331" PongNodeId="RD00155D873DF7">
			<PacketSize Bytes="4" Iterations="1024" Latency="3.058" Throughput="1.247" Underperforming="false"/>
			<PacketSize Bytes="4194304" Iterations="16" Latency="1098.488" Throughput="3641.371" Underperforming="false"/>
		</Link>
		<Link PingNodeId="RD00155D873DF7" PongNodeId="RD00155D873A7E">
			<PacketSize Bytes="4" Iterations="1024" Latency="3.144" Throughput="1.213" Underperforming="false"/>
			<PacketSize Bytes="4194304" Iterations="16" Latency="1097.809" Throughput="3643.620" Underperforming="false"/>
		</Link>
		<Link PingNodeId="RD00155D873A7E" PongNodeId="RD00155D8738C0">
			<PacketSize Bytes="4" Iterations="1024" Latency="3.356" Throughput="1.137" Underperforming="false"/>
			<PacketSize Bytes="4194304" Iterations="16" Latency="1101.997" Throughput="3629.774" Underperforming="false"/>
		</Link>
		<Link PingNodeId="RD00155D8738C0" PongNodeId="RD00155D87408E">
			<PacketSize Bytes="4" Iterations="1024" Latency="3.123" Throughput="1.221" Underperforming="false"/>
			<PacketSize Bytes="4194304" Iterations="16" Latency="1098.403" Throughput="3641.650" Underperforming="false"/>
		</Link>
	</LinkDetails>

</MpiPingPongResults>
